-- phpMyAdmin SQL Dump
-- version 5.0.2
-- https://www.phpmyadmin.net/
--
-- Servidor: 217.216.5.184
-- Tiempo de generación: 20-06-2020 a las 21:39:26
-- Versión del servidor: 10.3.22-MariaDB-0+deb10u1
-- Versión de PHP: 7.4.7

SET SQL_MODE = "NO_AUTO_VALUE_ON_ZERO";
START TRANSACTION;
SET time_zone = "+00:00";


/*!40101 SET @OLD_CHARACTER_SET_CLIENT=@@CHARACTER_SET_CLIENT */;
/*!40101 SET @OLD_CHARACTER_SET_RESULTS=@@CHARACTER_SET_RESULTS */;
/*!40101 SET @OLD_COLLATION_CONNECTION=@@COLLATION_CONNECTION */;
/*!40101 SET NAMES utf8mb4 */;

--
-- Base de datos: `winterao`
--

-- --------------------------------------------------------

--
-- Estructura de tabla para la tabla `account`
--

CREATE TABLE `account` (
  `id` mediumint(8) UNSIGNED NOT NULL,
  `username` varchar(24) NOT NULL,
  `email` varchar(64) NOT NULL,
  `password` varchar(64) NOT NULL,
  `salt` varchar(32) NOT NULL,
  `id_recuperacion` varchar(32) DEFAULT NULL,
  `date_created` timestamp NULL DEFAULT current_timestamp(),
  `last_ip` varchar(16) DEFAULT NULL,
  `date_last_login` timestamp NULL DEFAULT current_timestamp(),
  `gemas` int(12) DEFAULT 0,
  `status` tinyint(1) NOT NULL DEFAULT 0,
  `id_confirmacion` varchar(128) NOT NULL
) ENGINE=InnoDB DEFAULT CHARSET=utf8mb4;

-- --------------------------------------------------------

--
-- Estructura de tabla para la tabla `compras`
--

CREATE TABLE `compras` (
  `id_transaccion` int(10) UNSIGNED NOT NULL,
  `id_cuenta` mediumint(8) UNSIGNED NOT NULL,
  `producto` varchar(20) NOT NULL,
  `cantidad` int(8) NOT NULL,
  `precio` float NOT NULL,
  `fecha_hora` datetime NOT NULL DEFAULT current_timestamp() ON UPDATE current_timestamp()
) ENGINE=InnoDB DEFAULT CHARSET=utf8mb4;

--
-- Índices para tablas volcadas
--

--
-- Indices de la tabla `account`
--
ALTER TABLE `account`
  ADD PRIMARY KEY (`id`),
  ADD KEY `id` (`id`);

--
-- Indices de la tabla `compras`
--
ALTER TABLE `compras`
  ADD PRIMARY KEY (`id_transaccion`),
  ADD KEY `fk_id_cuenta` (`id_cuenta`);

--
-- AUTO_INCREMENT de las tablas volcadas
--

--
-- AUTO_INCREMENT de la tabla `compras`
--
ALTER TABLE `compras`
  MODIFY `id_transaccion` int(10) UNSIGNED NOT NULL AUTO_INCREMENT;

--
-- Restricciones para tablas volcadas
--

--
-- Filtros para la tabla `compras`
--
ALTER TABLE `compras`
  ADD CONSTRAINT `fk_id_cuenta` FOREIGN KEY (`id_cuenta`) REFERENCES `account` (`id`) ON DELETE CASCADE ON UPDATE CASCADE;
COMMIT;

-- --------------------------------------------------------

--
-- Estructura de tabla para la tabla `attribute`
--

CREATE TABLE `attribute` (
  `user_id` mediumint(8) UNSIGNED NOT NULL,
  `number` tinyint(3) UNSIGNED NOT NULL,
  `value` tinyint(3) UNSIGNED NOT NULL
) ENGINE=InnoDB DEFAULT CHARSET=utf8mb4;

--
-- Volcado de datos para la tabla `attribute`
--

INSERT INTO `attribute` (`user_id`, `number`, `value`) VALUES
(1, 1, 19),
(1, 2, 19),
(1, 3, 18),
(1, 4, 18),
(1, 5, 20),
(2, 1, 20),
(2, 2, 19),
(2, 3, 19),
(2, 4, 18),
(2, 5, 19),
(3, 1, 19),
(3, 2, 19),
(3, 3, 18),
(3, 4, 18),
(3, 5, 20),
(4, 1, 19),
(4, 2, 19),
(4, 3, 18),
(4, 4, 18),
(4, 5, 20),
(5, 1, 19),
(5, 2, 19),
(5, 3, 18),
(5, 4, 18),
(5, 5, 20),
(6, 1, 20),
(6, 2, 19),
(6, 3, 19),
(6, 4, 18),
(6, 5, 19),
(7, 1, 19),
(7, 2, 19),
(7, 3, 18),
(7, 4, 18),
(7, 5, 20),
(8, 1, 17),
(8, 2, 21),
(8, 3, 21),
(8, 4, 20),
(8, 5, 19),
(9, 1, 20),
(9, 2, 19),
(9, 3, 19),
(9, 4, 18),
(9, 5, 19),
(10, 1, 16),
(10, 2, 21),
(10, 3, 22),
(10, 4, 19),
(10, 5, 18),
(11, 1, 20),
(11, 2, 19),
(11, 3, 19),
(11, 4, 18),
(11, 5, 19),
(12, 1, 17),
(12, 2, 21),
(12, 3, 21),
(12, 4, 20),
(12, 5, 19),
(13, 1, 16),
(13, 2, 21),
(13, 3, 22),
(13, 4, 19),
(13, 5, 18),
(14, 1, 19),
(14, 2, 19),
(14, 3, 18),
(14, 4, 18),
(14, 5, 20),
(15, 1, 17),
(15, 2, 21),
(15, 3, 21),
(15, 4, 20),
(15, 5, 19),
(16, 1, 20),
(16, 2, 19),
(16, 3, 19),
(16, 4, 18),
(16, 5, 19);

-- --------------------------------------------------------

--
-- Estructura de tabla para la tabla `bank_item`
--

CREATE TABLE `bank_item` (
  `user_id` mediumint(8) UNSIGNED NOT NULL,
  `number` tinyint(3) UNSIGNED NOT NULL,
  `item_id` smallint(5) UNSIGNED DEFAULT NULL,
  `amount` smallint(5) UNSIGNED DEFAULT NULL
) ENGINE=InnoDB DEFAULT CHARSET=utf8mb4;

--
-- Volcado de datos para la tabla `bank_item`
--

INSERT INTO `bank_item` (`user_id`, `number`, `item_id`, `amount`) VALUES
(1, 1, 0, 0),
(1, 2, 0, 0),
(1, 3, 0, 0),
(1, 4, 0, 0),
(1, 5, 0, 0),
(1, 6, 0, 0),
(1, 7, 0, 0),
(1, 8, 0, 0),
(1, 9, 0, 0),
(1, 10, 0, 0),
(1, 11, 0, 0),
(1, 12, 0, 0),
(1, 13, 0, 0),
(1, 14, 0, 0),
(1, 15, 0, 0),
(1, 16, 0, 0),
(1, 17, 0, 0),
(1, 18, 0, 0),
(1, 19, 0, 0),
(1, 20, 0, 0),
(1, 21, 0, 0),
(1, 22, 0, 0),
(1, 23, 0, 0),
(1, 24, 0, 0),
(1, 25, 0, 0),
(1, 26, 0, 0),
(1, 27, 0, 0),
(1, 28, 0, 0),
(1, 29, 0, 0),
(1, 30, 0, 0),
(1, 31, 0, 0),
(1, 32, 0, 0),
(1, 33, 0, 0),
(1, 34, 0, 0),
(1, 35, 0, 0),
(1, 36, 0, 0),
(1, 37, 0, 0),
(1, 38, 0, 0),
(1, 39, 0, 0),
(1, 40, 0, 0),
(2, 1, 0, 0),
(2, 2, 0, 0),
(2, 3, 0, 0),
(2, 4, 0, 0),
(2, 5, 0, 0),
(2, 6, 0, 0),
(2, 7, 0, 0),
(2, 8, 0, 0),
(2, 9, 0, 0),
(2, 10, 0, 0),
(2, 11, 0, 0),
(2, 12, 0, 0),
(2, 13, 0, 0),
(2, 14, 0, 0),
(2, 15, 0, 0),
(2, 16, 0, 0),
(2, 17, 0, 0),
(2, 18, 0, 0),
(2, 19, 0, 0),
(2, 20, 0, 0),
(2, 21, 0, 0),
(2, 22, 0, 0),
(2, 23, 0, 0),
(2, 24, 0, 0),
(2, 25, 0, 0),
(2, 26, 0, 0),
(2, 27, 0, 0),
(2, 28, 0, 0),
(2, 29, 0, 0),
(2, 30, 0, 0),
(2, 31, 0, 0),
(2, 32, 0, 0),
(2, 33, 0, 0),
(2, 34, 0, 0),
(2, 35, 0, 0),
(2, 36, 0, 0),
(2, 37, 0, 0),
(2, 38, 0, 0),
(2, 39, 0, 0),
(2, 40, 0, 0),
(3, 1, 0, 0),
(3, 2, 0, 0),
(3, 3, 0, 0),
(3, 4, 0, 0),
(3, 5, 0, 0),
(3, 6, 0, 0),
(3, 7, 0, 0),
(3, 8, 0, 0),
(3, 9, 0, 0),
(3, 10, 0, 0),
(3, 11, 0, 0),
(3, 12, 0, 0),
(3, 13, 0, 0),
(3, 14, 0, 0),
(3, 15, 0, 0),
(3, 16, 0, 0),
(3, 17, 0, 0),
(3, 18, 0, 0),
(3, 19, 0, 0),
(3, 20, 0, 0),
(3, 21, 0, 0),
(3, 22, 0, 0),
(3, 23, 0, 0),
(3, 24, 0, 0),
(3, 25, 0, 0),
(3, 26, 0, 0),
(3, 27, 0, 0),
(3, 28, 0, 0),
(3, 29, 0, 0),
(3, 30, 0, 0),
(3, 31, 0, 0),
(3, 32, 0, 0),
(3, 33, 0, 0),
(3, 34, 0, 0),
(3, 35, 0, 0),
(3, 36, 0, 0),
(3, 37, 0, 0),
(3, 38, 0, 0),
(3, 39, 0, 0),
(3, 40, 0, 0),
(4, 1, 0, 0),
(4, 2, 0, 0),
(4, 3, 0, 0),
(4, 4, 0, 0),
(4, 5, 0, 0),
(4, 6, 0, 0),
(4, 7, 0, 0),
(4, 8, 0, 0),
(4, 9, 0, 0),
(4, 10, 0, 0),
(4, 11, 0, 0),
(4, 12, 0, 0),
(4, 13, 0, 0),
(4, 14, 0, 0),
(4, 15, 0, 0),
(4, 16, 0, 0),
(4, 17, 0, 0),
(4, 18, 0, 0),
(4, 19, 0, 0),
(4, 20, 0, 0),
(4, 21, 0, 0),
(4, 22, 0, 0),
(4, 23, 0, 0),
(4, 24, 0, 0),
(4, 25, 0, 0),
(4, 26, 0, 0),
(4, 27, 0, 0),
(4, 28, 0, 0),
(4, 29, 0, 0),
(4, 30, 0, 0),
(4, 31, 0, 0),
(4, 32, 0, 0),
(4, 33, 0, 0),
(4, 34, 0, 0),
(4, 35, 0, 0),
(4, 36, 0, 0),
(4, 37, 0, 0),
(4, 38, 0, 0),
(4, 39, 0, 0),
(4, 40, 0, 0),
(5, 1, 0, 0),
(5, 2, 0, 0),
(5, 3, 0, 0),
(5, 4, 0, 0),
(5, 5, 0, 0),
(5, 6, 0, 0),
(5, 7, 0, 0),
(5, 8, 0, 0),
(5, 9, 0, 0),
(5, 10, 0, 0),
(5, 11, 0, 0),
(5, 12, 0, 0),
(5, 13, 0, 0),
(5, 14, 0, 0),
(5, 15, 0, 0),
(5, 16, 0, 0),
(5, 17, 0, 0),
(5, 18, 0, 0),
(5, 19, 0, 0),
(5, 20, 0, 0),
(5, 21, 0, 0),
(5, 22, 0, 0),
(5, 23, 0, 0),
(5, 24, 0, 0),
(5, 25, 0, 0),
(5, 26, 0, 0),
(5, 27, 0, 0),
(5, 28, 0, 0),
(5, 29, 0, 0),
(5, 30, 0, 0),
(5, 31, 0, 0),
(5, 32, 0, 0),
(5, 33, 0, 0),
(5, 34, 0, 0),
(5, 35, 0, 0),
(5, 36, 0, 0),
(5, 37, 0, 0),
(5, 38, 0, 0),
(5, 39, 0, 0),
(5, 40, 0, 0),
(6, 1, 0, 0),
(6, 2, 0, 0),
(6, 3, 0, 0),
(6, 4, 0, 0),
(6, 5, 0, 0),
(6, 6, 0, 0),
(6, 7, 0, 0),
(6, 8, 0, 0),
(6, 9, 0, 0),
(6, 10, 0, 0),
(6, 11, 0, 0),
(6, 12, 0, 0),
(6, 13, 0, 0),
(6, 14, 0, 0),
(6, 15, 0, 0),
(6, 16, 0, 0),
(6, 17, 0, 0),
(6, 18, 0, 0),
(6, 19, 0, 0),
(6, 20, 0, 0),
(6, 21, 0, 0),
(6, 22, 0, 0),
(6, 23, 0, 0),
(6, 24, 0, 0),
(6, 25, 0, 0),
(6, 26, 0, 0),
(6, 27, 0, 0),
(6, 28, 0, 0),
(6, 29, 0, 0),
(6, 30, 0, 0),
(6, 31, 0, 0),
(6, 32, 0, 0),
(6, 33, 0, 0),
(6, 34, 0, 0),
(6, 35, 0, 0),
(6, 36, 0, 0),
(6, 37, 0, 0),
(6, 38, 0, 0),
(6, 39, 0, 0),
(6, 40, 0, 0),
(7, 1, 0, 0),
(7, 2, 0, 0),
(7, 3, 0, 0),
(7, 4, 0, 0),
(7, 5, 0, 0),
(7, 6, 0, 0),
(7, 7, 0, 0),
(7, 8, 0, 0),
(7, 9, 0, 0),
(7, 10, 0, 0),
(7, 11, 0, 0),
(7, 12, 0, 0),
(7, 13, 0, 0),
(7, 14, 0, 0),
(7, 15, 0, 0),
(7, 16, 0, 0),
(7, 17, 0, 0),
(7, 18, 0, 0),
(7, 19, 0, 0),
(7, 20, 0, 0),
(7, 21, 0, 0),
(7, 22, 0, 0),
(7, 23, 0, 0),
(7, 24, 0, 0),
(7, 25, 0, 0),
(7, 26, 0, 0),
(7, 27, 0, 0),
(7, 28, 0, 0),
(7, 29, 0, 0),
(7, 30, 0, 0),
(7, 31, 0, 0),
(7, 32, 0, 0),
(7, 33, 0, 0),
(7, 34, 0, 0),
(7, 35, 0, 0),
(7, 36, 0, 0),
(7, 37, 0, 0),
(7, 38, 0, 0),
(7, 39, 0, 0),
(7, 40, 0, 0),
(8, 1, 0, 0),
(8, 2, 0, 0),
(8, 3, 0, 0),
(8, 4, 0, 0),
(8, 5, 0, 0),
(8, 6, 0, 0),
(8, 7, 0, 0),
(8, 8, 0, 0),
(8, 9, 0, 0),
(8, 10, 0, 0),
(8, 11, 0, 0),
(8, 12, 0, 0),
(8, 13, 0, 0),
(8, 14, 0, 0),
(8, 15, 0, 0),
(8, 16, 0, 0),
(8, 17, 0, 0),
(8, 18, 0, 0),
(8, 19, 0, 0),
(8, 20, 0, 0),
(8, 21, 0, 0),
(8, 22, 0, 0),
(8, 23, 0, 0),
(8, 24, 0, 0),
(8, 25, 0, 0),
(8, 26, 0, 0),
(8, 27, 0, 0),
(8, 28, 0, 0),
(8, 29, 0, 0),
(8, 30, 0, 0),
(8, 31, 0, 0),
(8, 32, 0, 0),
(8, 33, 0, 0),
(8, 34, 0, 0),
(8, 35, 0, 0),
(8, 36, 0, 0),
(8, 37, 0, 0),
(8, 38, 0, 0),
(8, 39, 0, 0),
(8, 40, 0, 0),
(9, 1, 0, 0),
(9, 2, 0, 0),
(9, 3, 0, 0),
(9, 4, 0, 0),
(9, 5, 0, 0),
(9, 6, 0, 0),
(9, 7, 0, 0),
(9, 8, 0, 0),
(9, 9, 0, 0),
(9, 10, 0, 0),
(9, 11, 0, 0),
(9, 12, 0, 0),
(9, 13, 0, 0),
(9, 14, 0, 0),
(9, 15, 0, 0),
(9, 16, 0, 0),
(9, 17, 0, 0),
(9, 18, 0, 0),
(9, 19, 0, 0),
(9, 20, 0, 0),
(9, 21, 0, 0),
(9, 22, 0, 0),
(9, 23, 0, 0),
(9, 24, 0, 0),
(9, 25, 0, 0),
(9, 26, 0, 0),
(9, 27, 0, 0),
(9, 28, 0, 0),
(9, 29, 0, 0),
(9, 30, 0, 0),
(9, 31, 0, 0),
(9, 32, 0, 0),
(9, 33, 0, 0),
(9, 34, 0, 0),
(9, 35, 0, 0),
(9, 36, 0, 0),
(9, 37, 0, 0),
(9, 38, 0, 0),
(9, 39, 0, 0),
(9, 40, 0, 0),
(10, 1, 0, 0),
(10, 2, 0, 0),
(10, 3, 0, 0),
(10, 4, 0, 0),
(10, 5, 0, 0),
(10, 6, 0, 0),
(10, 7, 0, 0),
(10, 8, 0, 0),
(10, 9, 0, 0),
(10, 10, 0, 0),
(10, 11, 0, 0),
(10, 12, 0, 0),
(10, 13, 0, 0),
(10, 14, 0, 0),
(10, 15, 0, 0),
(10, 16, 0, 0),
(10, 17, 0, 0),
(10, 18, 0, 0),
(10, 19, 0, 0),
(10, 20, 0, 0),
(10, 21, 0, 0),
(10, 22, 0, 0),
(10, 23, 0, 0),
(10, 24, 0, 0),
(10, 25, 0, 0),
(10, 26, 0, 0),
(10, 27, 0, 0),
(10, 28, 0, 0),
(10, 29, 0, 0),
(10, 30, 0, 0),
(10, 31, 0, 0),
(10, 32, 0, 0),
(10, 33, 0, 0),
(10, 34, 0, 0),
(10, 35, 0, 0),
(10, 36, 0, 0),
(10, 37, 0, 0),
(10, 38, 0, 0),
(10, 39, 0, 0),
(10, 40, 0, 0),
(11, 1, 0, 0),
(11, 2, 0, 0),
(11, 3, 0, 0),
(11, 4, 0, 0),
(11, 5, 0, 0),
(11, 6, 0, 0),
(11, 7, 0, 0),
(11, 8, 0, 0),
(11, 9, 0, 0),
(11, 10, 0, 0),
(11, 11, 0, 0),
(11, 12, 0, 0),
(11, 13, 0, 0),
(11, 14, 0, 0),
(11, 15, 0, 0),
(11, 16, 0, 0),
(11, 17, 0, 0),
(11, 18, 0, 0),
(11, 19, 0, 0),
(11, 20, 0, 0),
(11, 21, 0, 0),
(11, 22, 0, 0),
(11, 23, 0, 0),
(11, 24, 0, 0),
(11, 25, 0, 0),
(11, 26, 0, 0),
(11, 27, 0, 0),
(11, 28, 0, 0),
(11, 29, 0, 0),
(11, 30, 0, 0),
(11, 31, 0, 0),
(11, 32, 0, 0),
(11, 33, 0, 0),
(11, 34, 0, 0),
(11, 35, 0, 0),
(11, 36, 0, 0),
(11, 37, 0, 0),
(11, 38, 0, 0),
(11, 39, 0, 0),
(11, 40, 0, 0),
(12, 1, 0, 0),
(12, 2, 0, 0),
(12, 3, 0, 0),
(12, 4, 0, 0),
(12, 5, 0, 0),
(12, 6, 0, 0),
(12, 7, 0, 0),
(12, 8, 0, 0),
(12, 9, 0, 0),
(12, 10, 0, 0),
(12, 11, 0, 0),
(12, 12, 0, 0),
(12, 13, 0, 0),
(12, 14, 0, 0),
(12, 15, 0, 0),
(12, 16, 0, 0),
(12, 17, 0, 0),
(12, 18, 0, 0),
(12, 19, 0, 0),
(12, 20, 0, 0),
(12, 21, 0, 0),
(12, 22, 0, 0),
(12, 23, 0, 0),
(12, 24, 0, 0),
(12, 25, 0, 0),
(12, 26, 0, 0),
(12, 27, 0, 0),
(12, 28, 0, 0),
(12, 29, 0, 0),
(12, 30, 0, 0),
(12, 31, 0, 0),
(12, 32, 0, 0),
(12, 33, 0, 0),
(12, 34, 0, 0),
(12, 35, 0, 0),
(12, 36, 0, 0),
(12, 37, 0, 0),
(12, 38, 0, 0),
(12, 39, 0, 0),
(12, 40, 0, 0),
(13, 1, 0, 0),
(13, 2, 0, 0),
(13, 3, 0, 0),
(13, 4, 0, 0),
(13, 5, 0, 0),
(13, 6, 0, 0),
(13, 7, 0, 0),
(13, 8, 0, 0),
(13, 9, 0, 0),
(13, 10, 0, 0),
(13, 11, 0, 0),
(13, 12, 0, 0),
(13, 13, 0, 0),
(13, 14, 0, 0),
(13, 15, 0, 0),
(13, 16, 0, 0),
(13, 17, 0, 0),
(13, 18, 0, 0),
(13, 19, 0, 0),
(13, 20, 0, 0),
(13, 21, 0, 0),
(13, 22, 0, 0),
(13, 23, 0, 0),
(13, 24, 0, 0),
(13, 25, 0, 0),
(13, 26, 0, 0),
(13, 27, 0, 0),
(13, 28, 0, 0),
(13, 29, 0, 0),
(13, 30, 0, 0),
(13, 31, 0, 0),
(13, 32, 0, 0),
(13, 33, 0, 0),
(13, 34, 0, 0),
(13, 35, 0, 0),
(13, 36, 0, 0),
(13, 37, 0, 0),
(13, 38, 0, 0),
(13, 39, 0, 0),
(13, 40, 0, 0),
(14, 1, 0, 0),
(14, 2, 0, 0),
(14, 3, 0, 0),
(14, 4, 0, 0),
(14, 5, 0, 0),
(14, 6, 0, 0),
(14, 7, 0, 0),
(14, 8, 0, 0),
(14, 9, 0, 0),
(14, 10, 0, 0),
(14, 11, 0, 0),
(14, 12, 0, 0),
(14, 13, 0, 0),
(14, 14, 0, 0),
(14, 15, 0, 0),
(14, 16, 0, 0),
(14, 17, 0, 0),
(14, 18, 0, 0),
(14, 19, 0, 0),
(14, 20, 0, 0),
(14, 21, 0, 0),
(14, 22, 0, 0),
(14, 23, 0, 0),
(14, 24, 0, 0),
(14, 25, 0, 0),
(14, 26, 0, 0),
(14, 27, 0, 0),
(14, 28, 0, 0),
(14, 29, 0, 0),
(14, 30, 0, 0),
(14, 31, 0, 0),
(14, 32, 0, 0),
(14, 33, 0, 0),
(14, 34, 0, 0),
(14, 35, 0, 0),
(14, 36, 0, 0),
(14, 37, 0, 0),
(14, 38, 0, 0),
(14, 39, 0, 0),
(14, 40, 0, 0),
(15, 1, 0, 0),
(15, 2, 0, 0),
(15, 3, 0, 0),
(15, 4, 0, 0),
(15, 5, 0, 0),
(15, 6, 0, 0),
(15, 7, 0, 0),
(15, 8, 0, 0),
(15, 9, 0, 0),
(15, 10, 0, 0),
(15, 11, 0, 0),
(15, 12, 0, 0),
(15, 13, 0, 0),
(15, 14, 0, 0),
(15, 15, 0, 0),
(15, 16, 0, 0),
(15, 17, 0, 0),
(15, 18, 0, 0),
(15, 19, 0, 0),
(15, 20, 0, 0),
(15, 21, 0, 0),
(15, 22, 0, 0),
(15, 23, 0, 0),
(15, 24, 0, 0),
(15, 25, 0, 0),
(15, 26, 0, 0),
(15, 27, 0, 0),
(15, 28, 0, 0),
(15, 29, 0, 0),
(15, 30, 0, 0),
(15, 31, 0, 0),
(15, 32, 0, 0),
(15, 33, 0, 0),
(15, 34, 0, 0),
(15, 35, 0, 0),
(15, 36, 0, 0),
(15, 37, 0, 0),
(15, 38, 0, 0),
(15, 39, 0, 0),
(15, 40, 0, 0),
(16, 1, 0, 0),
(16, 2, 0, 0),
(16, 3, 0, 0),
(16, 4, 0, 0),
(16, 5, 0, 0),
(16, 6, 0, 0),
(16, 7, 0, 0),
(16, 8, 0, 0),
(16, 9, 0, 0),
(16, 10, 0, 0),
(16, 11, 0, 0),
(16, 12, 0, 0),
(16, 13, 0, 0),
(16, 14, 0, 0),
(16, 15, 0, 0),
(16, 16, 0, 0),
(16, 17, 0, 0),
(16, 18, 0, 0),
(16, 19, 0, 0),
(16, 20, 0, 0),
(16, 21, 0, 0),
(16, 22, 0, 0),
(16, 23, 0, 0),
(16, 24, 0, 0),
(16, 25, 0, 0),
(16, 26, 0, 0),
(16, 27, 0, 0),
(16, 28, 0, 0),
(16, 29, 0, 0),
(16, 30, 0, 0),
(16, 31, 0, 0),
(16, 32, 0, 0),
(16, 33, 0, 0),
(16, 34, 0, 0),
(16, 35, 0, 0),
(16, 36, 0, 0),
(16, 37, 0, 0),
(16, 38, 0, 0),
(16, 39, 0, 0),
(16, 40, 0, 0);

-- --------------------------------------------------------

--
-- Estructura de tabla para la tabla `inventory_item`
--

CREATE TABLE `inventory_item` (
  `user_id` mediumint(8) UNSIGNED NOT NULL,
  `number` tinyint(3) UNSIGNED NOT NULL,
  `item_id` smallint(5) UNSIGNED DEFAULT NULL,
  `amount` smallint(5) UNSIGNED DEFAULT NULL,
  `is_equipped` tinyint(1) DEFAULT NULL
) ENGINE=InnoDB DEFAULT CHARSET=utf8mb4;

--
-- Volcado de datos para la tabla `inventory_item`
--

INSERT INTO `inventory_item` (`user_id`, `number`, `item_id`, `amount`, `is_equipped`) VALUES
(1, 1, 826, 1, 1),
(1, 2, 46, 1, 0),
(1, 3, 1158, 1, 0),
(1, 4, 827, 103, 0),
(1, 5, 828, 1, 0),
(1, 6, 19, 1, 0),
(1, 7, 1138, 1, 1),
(1, 8, 1147, 1, 0),
(1, 9, 1154, 1, 0),
(1, 10, 1140, 1, 0),
(1, 11, 128, 1, 0),
(1, 12, 400, 6, 0),
(1, 13, 1113, 1, 1),
(1, 14, 0, 0, 0),
(1, 15, 0, 0, 0),
(1, 16, 0, 0, 0),
(1, 17, 0, 0, 0),
(1, 18, 0, 0, 0),
(1, 19, 0, 0, 0),
(1, 20, 0, 0, 0),
(1, 21, 0, 0, 0),
(1, 22, 0, 0, 0),
(1, 23, 0, 0, 0),
(1, 24, 0, 0, 0),
(1, 25, 0, 0, 0),
(1, 26, 0, 0, 0),
(1, 27, 0, 0, 0),
(1, 28, 0, 0, 0),
(1, 29, 0, 0, 0),
(1, 30, 0, 0, 0),
(1, 31, 0, 0, 0),
(1, 32, 0, 0, 0),
(1, 33, 0, 0, 0),
(1, 34, 0, 0, 0),
(1, 35, 0, 0, 0),
(2, 1, 37, 2480, 0),
(2, 2, 38, 2953, 0),
(2, 3, 826, 1, 0),
(2, 4, 1162, 1, 0),
(2, 5, 830, 1, 0),
(2, 6, 494, 1, 0),
(2, 7, 1138, 1, 1),
(2, 8, 154, 1, 0),
(2, 9, 357, 1, 1),
(2, 10, 1157, 1, 0),
(2, 11, 1167, 1, 0),
(2, 12, 1168, 2, 0),
(2, 13, 164, 1, 0),
(2, 14, 39, 85, 0),
(2, 15, 0, 0, 0),
(2, 16, 0, 0, 0),
(2, 17, 1172, 1, 0),
(2, 18, 1173, 1, 0),
(2, 19, 131, 1, 0),
(2, 20, 0, 0, 0),
(2, 21, 48, 1, 1),
(2, 22, 0, 0, 0),
(2, 23, 1177, 1, 0),
(2, 24, 1051, 1, 0),
(2, 25, 1179, 1, 0),
(2, 26, 0, 0, 0),
(2, 27, 0, 0, 0),
(2, 28, 0, 0, 0),
(2, 29, 0, 0, 0),
(2, 30, 0, 0, 0),
(2, 31, 0, 0, 0),
(2, 32, 0, 0, 0),
(2, 33, 0, 0, 0),
(2, 34, 0, 0, 0),
(2, 35, 0, 0, 0),
(3, 1, 1152, 1, 1),
(3, 2, 195, 1, 1),
(3, 3, 1138, 1, 1),
(3, 4, 38, 4986, 0),
(3, 5, 37, 2500, 0),
(3, 6, 0, 0, 0),
(3, 7, 0, 0, 0),
(3, 8, 0, 0, 0),
(3, 9, 0, 0, 0),
(3, 10, 0, 0, 0),
(3, 11, 0, 0, 0),
(3, 12, 0, 0, 0),
(3, 13, 0, 0, 0),
(3, 14, 0, 0, 0),
(3, 15, 0, 0, 0),
(3, 16, 0, 0, 0),
(3, 17, 0, 0, 0),
(3, 18, 0, 0, 0),
(3, 19, 0, 0, 0),
(3, 20, 0, 0, 0),
(3, 21, 0, 0, 0),
(3, 22, 0, 0, 0),
(3, 23, 0, 0, 0),
(3, 24, 0, 0, 0),
(3, 25, 0, 0, 0),
(3, 26, 0, 0, 0),
(3, 27, 0, 0, 0),
(3, 28, 0, 0, 0),
(3, 29, 0, 0, 0),
(3, 30, 0, 0, 0),
(3, 31, 0, 0, 0),
(3, 32, 0, 0, 0),
(3, 33, 0, 0, 0),
(3, 34, 0, 0, 0),
(3, 35, 0, 0, 0),
(4, 1, 1169, 2, 1),
(4, 2, 0, 0, 0),
(4, 3, 0, 0, 0),
(4, 4, 37, 3940, 0),
(4, 5, 38, 1878, 0),
(4, 6, 400, 1, 1),
(4, 7, 0, 0, 0),
(4, 8, 0, 0, 0),
(4, 9, 0, 0, 0),
(4, 10, 0, 0, 0),
(4, 11, 0, 0, 0),
(4, 12, 0, 0, 0),
(4, 13, 0, 0, 0),
(4, 14, 0, 0, 0),
(4, 15, 0, 0, 0),
(4, 16, 0, 0, 0),
(4, 17, 0, 0, 0),
(4, 18, 0, 0, 0),
(4, 19, 0, 0, 0),
(4, 20, 0, 0, 0),
(4, 21, 0, 0, 0),
(4, 22, 0, 0, 0),
(4, 23, 0, 0, 0),
(4, 24, 0, 0, 0),
(4, 25, 0, 0, 0),
(4, 26, 0, 0, 0),
(4, 27, 0, 0, 0),
(4, 28, 0, 0, 0),
(4, 29, 0, 0, 0),
(4, 30, 0, 0, 0),
(4, 31, 0, 0, 0),
(4, 32, 0, 0, 0),
(4, 33, 0, 0, 0),
(4, 34, 0, 0, 0),
(4, 35, 0, 0, 0),
(5, 1, 857, 162, 0),
(5, 2, 856, 200, 0),
(5, 3, 463, 1, 0),
(5, 4, 6, 1, 0),
(5, 5, 467, 100, 0),
(5, 6, 468, 100, 0),
(5, 7, 0, 0, 0),
(5, 8, 0, 0, 0),
(5, 9, 0, 0, 0),
(5, 10, 0, 0, 0),
(5, 11, 0, 0, 0),
(5, 12, 0, 0, 0),
(5, 13, 0, 0, 0),
(5, 14, 0, 0, 0),
(5, 15, 0, 0, 0),
(5, 16, 0, 0, 0),
(5, 17, 0, 0, 0),
(5, 18, 0, 0, 0),
(5, 19, 0, 0, 0),
(5, 20, 0, 0, 0),
(5, 21, 0, 0, 0),
(5, 22, 0, 0, 0),
(5, 23, 0, 0, 0),
(5, 24, 0, 0, 0),
(5, 25, 0, 0, 0),
(5, 26, 0, 0, 0),
(5, 27, 0, 0, 0),
(5, 28, 0, 0, 0),
(5, 29, 0, 0, 0),
(5, 30, 0, 0, 0),
(5, 31, 0, 0, 0),
(5, 32, 0, 0, 0),
(5, 33, 0, 0, 0),
(5, 34, 0, 0, 0),
(5, 35, 0, 0, 0),
(6, 1, 857, 154, 0),
(6, 2, 855, 79, 0),
(6, 3, 858, 25, 0),
(6, 4, 465, 1, 0),
(6, 5, 460, 1, 0),
(6, 6, 467, 100, 0),
(6, 7, 468, 100, 0),
(6, 8, 0, 0, 0),
(6, 9, 0, 0, 0),
(6, 10, 0, 0, 0),
(6, 11, 0, 0, 0),
(6, 12, 0, 0, 0),
(6, 13, 0, 0, 0),
(6, 14, 0, 0, 0),
(6, 15, 0, 0, 0),
(6, 16, 0, 0, 0),
(6, 17, 0, 0, 0),
(6, 18, 0, 0, 0),
(6, 19, 0, 0, 0),
(6, 20, 0, 0, 0),
(6, 21, 0, 0, 0),
(6, 22, 0, 0, 0),
(6, 23, 0, 0, 0),
(6, 24, 0, 0, 0),
(6, 25, 0, 0, 0),
(6, 26, 0, 0, 0),
(6, 27, 0, 0, 0),
(6, 28, 0, 0, 0),
(6, 29, 0, 0, 0),
(6, 30, 0, 0, 0),
(6, 31, 0, 0, 0),
(6, 32, 0, 0, 0),
(6, 33, 0, 0, 0),
(6, 34, 0, 0, 0),
(6, 35, 0, 0, 0),
(7, 1, 38, 186, 0),
(7, 2, 37, 9816, 0),
(7, 3, 45, 10, 1),
(7, 4, 1119, 1, 1),
(7, 5, 26, 100, 0),
(7, 6, 43, 89, 0),
(7, 7, 37, 81, 0),
(7, 8, 696, 1, 0),
(7, 9, 1155, 1, 0),
(7, 10, 403, 2, 0),
(7, 11, 400, 1, 1),
(7, 12, 1134, 1, 0),
(7, 13, 1158, 1, 0),
(7, 14, 19, 1, 0),
(7, 15, 1049, 1, 0),
(7, 16, 0, 0, 0),
(7, 17, 0, 0, 0),
(7, 18, 0, 0, 0),
(7, 19, 0, 0, 0),
(7, 20, 0, 0, 0),
(7, 21, 0, 0, 0),
(7, 22, 0, 0, 0),
(7, 23, 0, 0, 0),
(7, 24, 0, 0, 0),
(7, 25, 0, 0, 0),
(7, 26, 0, 0, 0),
(7, 27, 0, 0, 0),
(7, 28, 0, 0, 0),
(7, 29, 0, 0, 0),
(7, 30, 0, 0, 0),
(7, 31, 0, 0, 0),
(7, 32, 0, 0, 0),
(7, 33, 0, 0, 0),
(7, 34, 0, 0, 0),
(7, 35, 0, 0, 0),
(8, 1, 38, 7991, 0),
(8, 2, 37, 7999, 0),
(8, 3, 36, 9990, 0),
(8, 4, 39, 9982, 0),
(8, 5, 45, 9, 1),
(8, 6, 697, 1, 0),
(8, 7, 698, 1, 0),
(8, 8, 699, 1, 0),
(8, 9, 402, 100, 1),
(8, 10, 0, 0, 0),
(8, 11, 0, 0, 0),
(8, 12, 0, 0, 0),
(8, 13, 0, 0, 0),
(8, 14, 0, 0, 0),
(8, 15, 0, 0, 0),
(8, 16, 0, 0, 0),
(8, 17, 0, 0, 0),
(8, 18, 0, 0, 0),
(8, 19, 0, 0, 0),
(8, 20, 0, 0, 0),
(8, 21, 0, 0, 0),
(8, 22, 0, 0, 0),
(8, 23, 0, 0, 0),
(8, 24, 0, 0, 0),
(8, 25, 0, 0, 0),
(8, 26, 0, 0, 0),
(8, 27, 0, 0, 0),
(8, 28, 0, 0, 0),
(8, 29, 0, 0, 0),
(8, 30, 0, 0, 0),
(8, 31, 0, 0, 0),
(8, 32, 0, 0, 0),
(8, 33, 0, 0, 0),
(8, 34, 0, 0, 0),
(8, 35, 0, 0, 0),
(9, 1, 0, 0, 0),
(9, 2, 0, 0, 0),
(9, 3, 0, 0, 0),
(9, 4, 0, 0, 0),
(9, 5, 828, 1, 1),
(9, 6, 0, 0, 0),
(9, 7, 0, 0, 0),
(9, 8, 0, 0, 0),
(9, 9, 0, 0, 0),
(9, 10, 825, 1, 0),
(9, 11, 0, 0, 0),
(9, 12, 0, 0, 0),
(9, 13, 0, 0, 0),
(9, 14, 0, 0, 0),
(9, 15, 494, 1, 1),
(9, 16, 0, 0, 0),
(9, 17, 0, 0, 0),
(9, 18, 0, 0, 0),
(9, 19, 0, 0, 0),
(9, 20, 700, 1, 1),
(9, 21, 0, 0, 0),
(9, 22, 0, 0, 0),
(9, 23, 0, 0, 0),
(9, 24, 1138, 1, 1),
(9, 25, 1141, 1, 1),
(9, 26, 0, 0, 0),
(9, 27, 0, 0, 0),
(9, 28, 0, 0, 0),
(9, 29, 0, 0, 0),
(9, 30, 0, 0, 0),
(9, 31, 0, 0, 0),
(9, 32, 0, 0, 0),
(9, 33, 0, 0, 0),
(9, 34, 0, 0, 0),
(9, 35, 0, 0, 0),
(10, 1, 486, 1, 1),
(10, 2, 660, 1, 0),
(10, 3, 400, 1, 1),
(10, 4, 659, 1, 0),
(10, 5, 26, 82, 0),
(10, 6, 38, 2333, 0),
(10, 7, 37, 518, 0),
(10, 8, 43, 59, 0),
(10, 9, 1165, 2, 0),
(10, 10, 0, 0, 0),
(10, 11, 1163, 1, 0),
(10, 12, 1164, 1, 0),
(10, 13, 0, 0, 0),
(10, 14, 0, 0, 0),
(10, 15, 0, 0, 0),
(10, 16, 0, 0, 0),
(10, 17, 0, 0, 0),
(10, 18, 0, 0, 0),
(10, 19, 0, 0, 0),
(10, 20, 0, 0, 0),
(10, 21, 0, 0, 0),
(10, 22, 0, 0, 0),
(10, 23, 0, 0, 0),
(10, 24, 0, 0, 0),
(10, 25, 0, 0, 0),
(10, 26, 0, 0, 0),
(10, 27, 0, 0, 0),
(10, 28, 0, 0, 0),
(10, 29, 0, 0, 0),
(10, 30, 0, 0, 0),
(10, 31, 0, 0, 0),
(10, 32, 0, 0, 0),
(10, 33, 0, 0, 0),
(10, 34, 0, 0, 0),
(10, 35, 0, 0, 0),
(11, 1, 0, 0, 0),
(11, 2, 0, 0, 0),
(11, 3, 0, 0, 0),
(11, 4, 0, 0, 0),
(11, 5, 0, 0, 0),
(11, 6, 0, 0, 0),
(11, 7, 0, 0, 0),
(11, 8, 0, 0, 0),
(11, 9, 0, 0, 0),
(11, 10, 0, 0, 0),
(11, 11, 0, 0, 0),
(11, 12, 0, 0, 0),
(11, 13, 0, 0, 0),
(11, 14, 0, 0, 0),
(11, 15, 0, 0, 0),
(11, 16, 0, 0, 0),
(11, 17, 0, 0, 0),
(11, 18, 0, 0, 0),
(11, 19, 0, 0, 0),
(11, 20, 0, 0, 0),
(11, 21, 0, 0, 0),
(11, 22, 0, 0, 0),
(11, 23, 0, 0, 0),
(11, 24, 0, 0, 0),
(11, 25, 0, 0, 0),
(11, 26, 0, 0, 0),
(11, 27, 0, 0, 0),
(11, 28, 0, 0, 0),
(11, 29, 0, 0, 0),
(11, 30, 0, 0, 0),
(11, 31, 0, 0, 0),
(11, 32, 0, 0, 0),
(11, 33, 0, 0, 0),
(11, 34, 0, 0, 0),
(11, 35, 0, 0, 0),
(12, 1, 485, 1, 1),
(12, 2, 556, 1, 1),
(12, 3, 481, 1, 0),
(12, 4, 1152, 1, 1),
(12, 5, 0, 0, 0),
(12, 6, 0, 0, 0),
(12, 7, 0, 0, 0),
(12, 8, 0, 0, 0),
(12, 9, 0, 0, 0),
(12, 10, 0, 0, 0),
(12, 11, 0, 0, 0),
(12, 12, 0, 0, 0),
(12, 13, 0, 0, 0),
(12, 14, 0, 0, 0),
(12, 15, 0, 0, 0),
(12, 16, 0, 0, 0),
(12, 17, 0, 0, 0),
(12, 18, 0, 0, 0),
(12, 19, 0, 0, 0),
(12, 20, 0, 0, 0),
(12, 21, 0, 0, 0),
(12, 22, 0, 0, 0),
(12, 23, 0, 0, 0),
(12, 24, 0, 0, 0),
(12, 25, 0, 0, 0),
(12, 26, 0, 0, 0),
(12, 27, 0, 0, 0),
(12, 28, 0, 0, 0),
(12, 29, 0, 0, 0),
(12, 30, 0, 0, 0),
(12, 31, 0, 0, 0),
(12, 32, 0, 0, 0),
(12, 33, 0, 0, 0),
(12, 34, 0, 0, 0),
(12, 35, 0, 0, 0),
(13, 1, 240, 1, 1),
(13, 2, 1050, 1, 1),
(13, 3, 0, 0, 0),
(13, 4, 0, 0, 0),
(13, 5, 0, 0, 0),
(13, 6, 0, 0, 0),
(13, 7, 37, 9195, 0),
(13, 8, 0, 0, 0),
(13, 9, 0, 0, 0),
(13, 10, 0, 0, 0),
(13, 11, 0, 0, 0),
(13, 12, 0, 0, 0),
(13, 13, 0, 0, 0),
(13, 14, 0, 0, 0),
(13, 15, 0, 0, 0),
(13, 16, 0, 0, 0),
(13, 17, 0, 0, 0),
(13, 18, 0, 0, 0),
(13, 19, 0, 0, 0),
(13, 20, 0, 0, 0),
(13, 21, 0, 0, 0),
(13, 22, 0, 0, 0),
(13, 23, 0, 0, 0),
(13, 24, 0, 0, 0),
(13, 25, 0, 0, 0),
(13, 26, 0, 0, 0),
(13, 27, 0, 0, 0),
(13, 28, 0, 0, 0),
(13, 29, 0, 0, 0),
(13, 30, 0, 0, 0),
(13, 31, 0, 0, 0),
(13, 32, 0, 0, 0),
(13, 33, 0, 0, 0),
(13, 34, 0, 0, 0),
(13, 35, 0, 0, 0),
(14, 1, 0, 0, 0),
(14, 2, 0, 0, 0),
(14, 3, 0, 0, 0),
(14, 4, 0, 0, 0),
(14, 5, 0, 0, 0),
(14, 6, 0, 0, 0),
(14, 7, 39, 100, 0),
(14, 8, 129, 1, 1),
(14, 9, 36, 100, 0),
(14, 10, 0, 0, 0),
(14, 11, 0, 0, 0),
(14, 12, 0, 0, 0),
(14, 13, 0, 0, 0),
(14, 14, 0, 0, 0),
(14, 15, 0, 0, 0),
(14, 16, 0, 0, 0),
(14, 17, 0, 0, 0),
(14, 18, 0, 0, 0),
(14, 19, 0, 0, 0),
(14, 20, 0, 0, 0),
(14, 21, 0, 0, 0),
(14, 22, 0, 0, 0),
(14, 23, 0, 0, 0),
(14, 24, 0, 0, 0),
(14, 25, 0, 0, 0),
(14, 26, 0, 0, 0),
(14, 27, 0, 0, 0),
(14, 28, 0, 0, 0),
(14, 29, 0, 0, 0),
(14, 30, 0, 0, 0),
(14, 31, 0, 0, 0),
(14, 32, 0, 0, 0),
(14, 33, 0, 0, 0),
(14, 34, 0, 0, 0),
(14, 35, 0, 0, 0),
(15, 1, 1162, 10, 0),
(15, 2, 1163, 9, 0),
(15, 3, 1164, 9, 0),
(15, 4, 1165, 9, 0),
(15, 5, 1166, 10, 0),
(15, 6, 1167, 10, 0),
(15, 7, 1214, 1, 0),
(15, 8, 1169, 10, 0),
(15, 9, 1170, 10, 0),
(15, 10, 1171, 20, 0),
(15, 11, 1181, 10, 0),
(15, 12, 1180, 10, 1),
(15, 13, 1160, 2, 0),
(15, 14, 1156, 1, 0),
(15, 15, 1177, 10, 0),
(15, 16, 1157, 1, 0),
(15, 17, 1159, 1, 0),
(15, 18, 1139, 10, 0),
(15, 19, 1215, 1, 0),
(15, 20, 1141, 1, 0),
(15, 21, 405, 2, 1),
(15, 22, 46, 1, 0),
(15, 23, 475, 10, 0),
(15, 24, 476, 10, 0),
(15, 25, 1150, 1, 0),
(15, 26, 0, 0, 0),
(15, 27, 0, 0, 0),
(15, 28, 0, 0, 0),
(15, 29, 0, 0, 0),
(15, 30, 0, 0, 0),
(15, 31, 0, 0, 0),
(15, 32, 0, 0, 0),
(15, 33, 0, 0, 0),
(15, 34, 0, 0, 0),
(15, 35, 0, 0, 0),
(16, 1, 857, 197, 0),
(16, 2, 856, 200, 0),
(16, 3, 465, 1, 1),
(16, 4, 4, 1, 1),
(16, 5, 467, 100, 0),
(16, 6, 468, 100, 0),
(16, 7, 0, 0, 0),
(16, 8, 0, 0, 0),
(16, 9, 0, 0, 0),
(16, 10, 0, 0, 0),
(16, 11, 0, 0, 0),
(16, 12, 0, 0, 0),
(16, 13, 0, 0, 0),
(16, 14, 0, 0, 0),
(16, 15, 0, 0, 0),
(16, 16, 0, 0, 0),
(16, 17, 0, 0, 0),
(16, 18, 0, 0, 0),
(16, 19, 0, 0, 0),
(16, 20, 0, 0, 0),
(16, 21, 0, 0, 0),
(16, 22, 0, 0, 0),
(16, 23, 0, 0, 0),
(16, 24, 0, 0, 0),
(16, 25, 0, 0, 0),
(16, 26, 0, 0, 0),
(16, 27, 0, 0, 0),
(16, 28, 0, 0, 0),
(16, 29, 0, 0, 0),
(16, 30, 0, 0, 0),
(16, 31, 0, 0, 0),
(16, 32, 0, 0, 0),
(16, 33, 0, 0, 0),
(16, 34, 0, 0, 0),
(16, 35, 0, 0, 0);

-- --------------------------------------------------------

--
-- Estructura de tabla para la tabla `pet`
--

CREATE TABLE `pet` (
  `user_id` mediumint(8) UNSIGNED NOT NULL,
  `number` tinyint(3) UNSIGNED NOT NULL,
  `pet_id` smallint(5) UNSIGNED DEFAULT NULL
) ENGINE=InnoDB DEFAULT CHARSET=utf8mb4;

--
-- Volcado de datos para la tabla `pet`
--

INSERT INTO `pet` (`user_id`, `number`, `pet_id`) VALUES
(1, 1, 0),
(1, 2, 0),
(1, 3, 0),
(2, 1, 0),
(2, 2, 0),
(2, 3, 0),
(3, 1, 0),
(3, 2, 0),
(3, 3, 0),
(4, 1, 0),
(4, 2, 0),
(4, 3, 0),
(5, 1, 0),
(5, 2, 0),
(5, 3, 0),
(6, 1, 0),
(6, 2, 0),
(6, 3, 0),
(7, 1, 0),
(7, 2, 0),
(7, 3, 0),
(8, 1, 0),
(8, 2, 0),
(8, 3, 0),
(9, 1, 0),
(9, 2, 0),
(9, 3, 0),
(10, 1, 0),
(10, 2, 0),
(10, 3, 0),
(11, 1, 0),
(11, 2, 0),
(11, 3, 0),
(12, 1, 0),
(12, 2, 0),
(12, 3, 0),
(13, 1, 0),
(13, 2, 0),
(13, 3, 0),
(14, 1, 0),
(14, 2, 0),
(14, 3, 0),
(15, 1, 0),
(15, 2, 0),
(15, 3, 0),
(16, 1, 0),
(16, 2, 0),
(16, 3, 0);

-- --------------------------------------------------------

--
-- Estructura de tabla para la tabla `punishment`
--

CREATE TABLE `punishment` (
  `user_id` mediumint(8) UNSIGNED NOT NULL,
  `number` tinyint(3) UNSIGNED NOT NULL,
  `reason` varchar(255) NOT NULL
) ENGINE=InnoDB DEFAULT CHARSET=utf8mb4;

--
-- Volcado de datos para la tabla `punishment`
--

INSERT INTO `punishment` (`user_id`, `number`, `reason`) VALUES
(2, 1, ': BAN POR ban al clan: winterao staff 09/06/2020 15:33:35');

-- --------------------------------------------------------

--
-- Estructura de tabla para la tabla `skillpoint`
--

CREATE TABLE `skillpoint` (
  `user_id` mediumint(8) UNSIGNED NOT NULL,
  `number` tinyint(3) UNSIGNED NOT NULL,
  `value` tinyint(3) UNSIGNED NOT NULL,
  `exp` int(10) UNSIGNED NOT NULL,
  `elu` int(10) UNSIGNED NOT NULL
) ENGINE=InnoDB DEFAULT CHARSET=utf8mb4;

--
-- Volcado de datos para la tabla `skillpoint`
--

INSERT INTO `skillpoint` (`user_id`, `number`, `value`, `exp`, `elu`) VALUES
(1, 1, 0, 0, 200),
(1, 2, 0, 0, 200),
(1, 3, 0, 50, 200),
(1, 4, 0, 0, 200),
(1, 5, 0, 0, 200),
(1, 6, 0, 0, 200),
(1, 7, 0, 0, 200),
(1, 8, 0, 0, 200),
(1, 9, 0, 0, 200),
(1, 10, 0, 50, 200),
(1, 11, 0, 0, 200),
(1, 12, 0, 0, 200),
(1, 13, 0, 0, 200),
(1, 14, 0, 0, 200),
(1, 15, 0, 0, 200),
(1, 16, 0, 0, 200),
(1, 17, 0, 0, 200),
(1, 18, 0, 0, 200),
(1, 19, 0, 0, 200),
(1, 20, 100, 0, 0),
(1, 21, 0, 0, 200),
(2, 1, 100, 0, 0),
(2, 2, 0, 0, 200),
(2, 3, 7, 241, 281),
(2, 4, 100, 0, 0),
(2, 5, 0, 0, 200),
(2, 6, 100, 0, 0),
(2, 7, 2, 190, 221),
(2, 8, 0, 0, 200),
(2, 9, 0, 0, 200),
(2, 10, 0, 50, 200),
(2, 11, 0, 0, 200),
(2, 12, 0, 0, 200),
(2, 13, 0, 0, 200),
(2, 14, 0, 0, 200),
(2, 15, 0, 0, 200),
(2, 16, 100, 0, 0),
(2, 17, 0, 0, 200),
(2, 18, 1, 140, 210),
(2, 19, 0, 0, 200),
(2, 20, 0, 0, 200),
(2, 21, 100, 0, 0),
(3, 1, 0, 0, 200),
(3, 2, 0, 0, 200),
(3, 3, 13, 228, 377),
(3, 4, 3, 189, 232),
(3, 5, 28, 758, 747),
(3, 6, 0, 0, 200),
(3, 7, 0, 0, 200),
(3, 8, 0, 0, 200),
(3, 9, 0, 0, 200),
(3, 10, 0, 0, 200),
(3, 11, 2, 180, 221),
(3, 12, 0, 0, 200),
(3, 13, 0, 0, 200),
(3, 14, 0, 0, 200),
(3, 15, 0, 0, 200),
(3, 16, 0, 0, 200),
(3, 17, 0, 0, 200),
(3, 18, 0, 0, 200),
(3, 19, 0, 0, 200),
(3, 20, 0, 0, 200),
(3, 21, 0, 0, 200),
(4, 1, 100, 0, 0),
(4, 2, 0, 0, 200),
(4, 3, 9, 15, 310),
(4, 4, 6, 49, 268),
(4, 5, 14, 1, 396),
(4, 6, 0, 0, 200),
(4, 7, 0, 0, 200),
(4, 8, 0, 0, 200),
(4, 9, 0, 0, 200),
(4, 10, 0, 0, 200),
(4, 11, 0, 0, 200),
(4, 12, 0, 0, 200),
(4, 13, 0, 0, 200),
(4, 14, 0, 0, 200),
(4, 15, 0, 0, 200),
(4, 16, 0, 0, 200),
(4, 17, 0, 0, 200),
(4, 18, 0, 0, 200),
(4, 19, 0, 0, 200),
(4, 20, 0, 0, 200),
(4, 21, 0, 0, 200),
(5, 1, 0, 0, 200),
(5, 2, 0, 0, 200),
(5, 3, 4, 57, 243),
(5, 4, 4, 237, 243),
(5, 5, 0, 0, 200),
(5, 6, 0, 0, 200),
(5, 7, 0, 0, 200),
(5, 8, 0, 0, 200),
(5, 9, 0, 0, 200),
(5, 10, 0, 0, 200),
(5, 11, 0, 0, 200),
(5, 12, 0, 0, 200),
(5, 13, 0, 0, 200),
(5, 14, 0, 0, 200),
(5, 15, 0, 0, 200),
(5, 16, 0, 0, 200),
(5, 17, 0, 0, 200),
(5, 18, 0, 0, 200),
(5, 19, 0, 0, 200),
(5, 20, 0, 0, 200),
(5, 21, 0, 0, 200),
(6, 1, 8, 140, 295),
(6, 2, 0, 0, 200),
(6, 3, 1, 90, 210),
(6, 4, 7, 71, 281),
(6, 5, 12, 27, 359),
(6, 6, 0, 0, 200),
(6, 7, 0, 0, 200),
(6, 8, 0, 0, 200),
(6, 9, 0, 0, 200),
(6, 10, 0, 0, 200),
(6, 11, 0, 0, 200),
(6, 12, 0, 0, 200),
(6, 13, 0, 0, 200),
(6, 14, 0, 0, 200),
(6, 15, 0, 0, 200),
(6, 16, 0, 0, 200),
(6, 17, 0, 0, 200),
(6, 18, 0, 0, 200),
(6, 19, 0, 0, 200),
(6, 20, 0, 0, 200),
(6, 21, 0, 0, 200),
(7, 1, 100, 0, 0),
(7, 2, 0, 0, 200),
(7, 3, 2, 290, 200),
(7, 4, 0, 0, 200),
(7, 5, 0, 0, 200),
(7, 6, 0, 0, 200),
(7, 7, 0, 0, 200),
(7, 8, 0, 0, 200),
(7, 9, 0, 0, 200),
(7, 10, 0, 0, 200),
(7, 11, 0, 0, 200),
(7, 12, 0, 0, 200),
(7, 13, 0, 0, 200),
(7, 14, 0, 0, 200),
(7, 15, 0, 0, 200),
(7, 16, 0, 0, 200),
(7, 17, 0, 0, 200),
(7, 18, 0, 0, 200),
(7, 19, 0, 0, 200),
(7, 20, 0, 0, 200),
(7, 21, 0, 0, 200),
(8, 1, 100, 0, 0),
(8, 2, 0, 0, 200),
(8, 3, 0, 70, 200),
(8, 4, 0, 40, 200),
(8, 5, 0, 0, 200),
(8, 6, 0, 0, 200),
(8, 7, 0, 0, 200),
(8, 8, 0, 0, 200),
(8, 9, 0, 0, 200),
(8, 10, 0, 0, 200),
(8, 11, 0, 0, 200),
(8, 12, 0, 0, 200),
(8, 13, 0, 0, 200),
(8, 14, 0, 0, 200),
(8, 15, 0, 0, 200),
(8, 16, 0, 0, 200),
(8, 17, 0, 0, 200),
(8, 18, 0, 0, 200),
(8, 19, 0, 0, 200),
(8, 20, 0, 0, 200),
(8, 21, 0, 0, 200),
(9, 1, 6, 139, 268),
(9, 2, 0, 0, 200),
(9, 3, 6, 149, 268),
(9, 4, 6, 99, 268),
(9, 5, 10, 105, 326),
(9, 6, 0, 0, 200),
(9, 7, 8, 90, 295),
(9, 8, 0, 0, 200),
(9, 9, 0, 0, 200),
(9, 10, 0, 0, 200),
(9, 11, 0, 90, 200),
(9, 12, 0, 0, 200),
(9, 13, 0, 0, 200),
(9, 14, 0, 0, 200),
(9, 15, 0, 0, 200),
(9, 16, 0, 0, 200),
(9, 17, 0, 0, 200),
(9, 18, 0, 0, 200),
(9, 19, 0, 50, 200),
(9, 20, 0, 0, 200),
(9, 21, 0, 0, 200),
(10, 1, 100, 0, 0),
(10, 2, 0, 0, 200),
(10, 3, 6, 284, 255),
(10, 4, 0, 0, 200),
(10, 5, 29, 287, 823),
(10, 6, 0, 0, 200),
(10, 7, 4, 147, 243),
(10, 8, 100, 0, 0),
(10, 9, 0, 0, 200),
(10, 10, 0, 0, 200),
(10, 11, 0, 0, 200),
(10, 12, 0, 0, 200),
(10, 13, 0, 0, 200),
(10, 14, 0, 0, 200),
(10, 15, 0, 0, 200),
(10, 16, 0, 0, 200),
(10, 17, 0, 0, 200),
(10, 18, 0, 0, 200),
(10, 19, 0, 0, 200),
(10, 20, 0, 0, 200),
(10, 21, 0, 0, 200),
(11, 1, 0, 0, 200),
(11, 2, 0, 0, 200),
(11, 3, 16, 465, 416),
(11, 4, 0, 0, 200),
(11, 5, 0, 0, 200),
(11, 6, 0, 0, 200),
(11, 7, 0, 0, 200),
(11, 8, 0, 0, 200),
(11, 9, 0, 0, 200),
(11, 10, 0, 0, 200),
(11, 11, 0, 0, 200),
(11, 12, 0, 0, 200),
(11, 13, 0, 0, 200),
(11, 14, 0, 0, 200),
(11, 15, 0, 0, 200),
(11, 16, 0, 0, 200),
(11, 17, 0, 0, 200),
(11, 18, 0, 0, 200),
(11, 19, 0, 0, 200),
(11, 20, 0, 0, 200),
(11, 21, 0, 0, 200),
(12, 1, 0, 0, 200),
(12, 2, 0, 0, 200),
(12, 3, 0, 0, 200),
(12, 4, 0, 0, 200),
(12, 5, 0, 0, 200),
(12, 6, 0, 0, 200),
(12, 7, 0, 0, 200),
(12, 8, 0, 0, 200),
(12, 9, 0, 0, 200),
(12, 10, 0, 0, 200),
(12, 11, 0, 0, 200),
(12, 12, 0, 0, 200),
(12, 13, 0, 0, 200),
(12, 14, 0, 0, 200),
(12, 15, 0, 0, 200),
(12, 16, 0, 0, 200),
(12, 17, 0, 0, 200),
(12, 18, 0, 0, 200),
(12, 19, 0, 0, 200),
(12, 20, 0, 0, 200),
(12, 21, 0, 0, 200),
(13, 1, 100, 0, 0),
(13, 2, 0, 0, 200),
(13, 3, 0, 0, 200),
(13, 4, 0, 0, 200),
(13, 5, 0, 0, 200),
(13, 6, 0, 0, 200),
(13, 7, 0, 0, 200),
(13, 8, 0, 0, 200),
(13, 9, 0, 0, 200),
(13, 10, 0, 0, 200),
(13, 11, 0, 0, 200),
(13, 12, 0, 0, 200),
(13, 13, 0, 0, 200),
(13, 14, 0, 0, 200),
(13, 15, 0, 0, 200),
(13, 16, 0, 0, 200),
(13, 17, 0, 0, 200),
(13, 18, 0, 0, 200),
(13, 19, 0, 0, 200),
(13, 20, 0, 0, 200),
(13, 21, 0, 0, 200),
(14, 1, 0, 0, 200),
(14, 2, 0, 0, 200),
(14, 3, 0, 0, 200),
(14, 4, 0, 0, 200),
(14, 5, 0, 0, 200),
(14, 6, 0, 0, 200),
(14, 7, 0, 0, 200),
(14, 8, 0, 0, 200),
(14, 9, 0, 0, 200),
(14, 10, 0, 0, 200),
(14, 11, 0, 0, 200),
(14, 12, 0, 0, 200),
(14, 13, 0, 0, 200),
(14, 14, 0, 0, 200),
(14, 15, 0, 0, 200),
(14, 16, 0, 0, 200),
(14, 17, 0, 0, 200),
(14, 18, 0, 0, 200),
(14, 19, 0, 0, 200),
(14, 20, 0, 0, 200),
(14, 21, 0, 0, 200),
(15, 1, 0, 0, 200),
(15, 2, 0, 0, 200),
(15, 3, 0, 0, 200),
(15, 4, 0, 0, 200),
(15, 5, 0, 0, 200),
(15, 6, 0, 0, 200),
(15, 7, 0, 20, 200),
(15, 8, 0, 0, 200),
(15, 9, 0, 0, 200),
(15, 10, 0, 0, 200),
(15, 11, 0, 0, 200),
(15, 12, 0, 0, 200),
(15, 13, 0, 0, 200),
(15, 14, 0, 0, 200),
(15, 15, 0, 0, 200),
(15, 16, 0, 0, 200),
(15, 17, 0, 0, 200),
(15, 18, 0, 0, 200),
(15, 19, 0, 0, 200),
(15, 20, 100, 0, 200),
(15, 21, 100, 0, 0),
(16, 1, 0, 0, 200),
(16, 2, 0, 0, 200),
(16, 3, 1, 20, 210),
(16, 4, 1, 60, 210),
(16, 5, 0, 0, 200),
(16, 6, 0, 0, 200),
(16, 7, 0, 0, 200),
(16, 8, 0, 0, 200),
(16, 9, 0, 0, 200),
(16, 10, 0, 0, 200),
(16, 11, 0, 0, 200),
(16, 12, 0, 0, 200),
(16, 13, 0, 0, 200),
(16, 14, 0, 0, 200),
(16, 15, 0, 0, 200),
(16, 16, 0, 0, 200),
(16, 17, 0, 0, 200),
(16, 18, 0, 0, 200),
(16, 19, 0, 0, 200),
(16, 20, 0, 0, 200),
(16, 21, 0, 0, 200);

-- --------------------------------------------------------

--
-- Estructura de tabla para la tabla `spell`
--

CREATE TABLE `spell` (
  `user_id` mediumint(8) UNSIGNED NOT NULL,
  `number` tinyint(3) UNSIGNED NOT NULL,
  `spell_id` smallint(5) UNSIGNED DEFAULT NULL
) ENGINE=InnoDB DEFAULT CHARSET=utf8mb4;

--
-- Volcado de datos para la tabla `spell`
--

INSERT INTO `spell` (`user_id`, `number`, `spell_id`) VALUES
(1, 1, 2),
(1, 2, 0),
(1, 3, 0),
(1, 4, 0),
(1, 5, 0),
(1, 6, 0),
(1, 7, 0),
(1, 8, 0),
(1, 9, 0),
(1, 10, 0),
(1, 11, 0),
(1, 12, 0),
(1, 13, 0),
(1, 14, 0),
(1, 15, 0),
(1, 16, 0),
(1, 17, 0),
(1, 18, 0),
(1, 19, 0),
(1, 20, 0),
(1, 21, 0),
(1, 22, 0),
(1, 23, 0),
(1, 24, 0),
(1, 25, 0),
(1, 26, 0),
(1, 27, 0),
(1, 28, 0),
(1, 29, 0),
(1, 30, 0),
(1, 31, 0),
(1, 32, 0),
(1, 33, 0),
(1, 34, 0),
(1, 35, 0),
(2, 1, 24),
(2, 2, 0),
(2, 3, 0),
(2, 4, 0),
(2, 5, 0),
(2, 6, 0),
(2, 7, 0),
(2, 8, 0),
(2, 9, 0),
(2, 10, 0),
(2, 11, 0),
(2, 12, 0),
(2, 13, 0),
(2, 14, 0),
(2, 15, 0),
(2, 16, 0),
(2, 17, 0),
(2, 18, 0),
(2, 19, 0),
(2, 20, 0),
(2, 21, 0),
(2, 22, 0),
(2, 23, 0),
(2, 24, 0),
(2, 25, 0),
(2, 26, 0),
(2, 27, 0),
(2, 28, 0),
(2, 29, 0),
(2, 30, 0),
(2, 31, 0),
(2, 32, 0),
(2, 33, 0),
(2, 34, 0),
(2, 35, 0),
(3, 1, 2),
(3, 2, 0),
(3, 3, 0),
(3, 4, 0),
(3, 5, 0),
(3, 6, 0),
(3, 7, 0),
(3, 8, 0),
(3, 9, 0),
(3, 10, 0),
(3, 11, 0),
(3, 12, 0),
(3, 13, 0),
(3, 14, 0),
(3, 15, 0),
(3, 16, 0),
(3, 17, 0),
(3, 18, 0),
(3, 19, 0),
(3, 20, 0),
(3, 21, 0),
(3, 22, 0),
(3, 23, 0),
(3, 24, 0),
(3, 25, 0),
(3, 26, 0),
(3, 27, 0),
(3, 28, 0),
(3, 29, 0),
(3, 30, 0),
(3, 31, 0),
(3, 32, 0),
(3, 33, 0),
(3, 34, 0),
(3, 35, 0),
(4, 1, 2),
(4, 2, 25),
(4, 3, 23),
(4, 4, 0),
(4, 5, 24),
(4, 6, 10),
(4, 7, 0),
(4, 8, 0),
(4, 9, 0),
(4, 10, 0),
(4, 11, 0),
(4, 12, 0),
(4, 13, 0),
(4, 14, 0),
(4, 15, 0),
(4, 16, 0),
(4, 17, 0),
(4, 18, 0),
(4, 19, 0),
(4, 20, 0),
(4, 21, 0),
(4, 22, 0),
(4, 23, 0),
(4, 24, 0),
(4, 25, 0),
(4, 26, 0),
(4, 27, 0),
(4, 28, 0),
(4, 29, 0),
(4, 30, 0),
(4, 31, 0),
(4, 32, 0),
(4, 33, 0),
(4, 34, 0),
(4, 35, 0),
(5, 1, 0),
(5, 2, 0),
(5, 3, 0),
(5, 4, 0),
(5, 5, 0),
(5, 6, 0),
(5, 7, 0),
(5, 8, 0),
(5, 9, 0),
(5, 10, 0),
(5, 11, 0),
(5, 12, 0),
(5, 13, 0),
(5, 14, 0),
(5, 15, 0),
(5, 16, 0),
(5, 17, 0),
(5, 18, 0),
(5, 19, 0),
(5, 20, 0),
(5, 21, 0),
(5, 22, 0),
(5, 23, 0),
(5, 24, 0),
(5, 25, 0),
(5, 26, 0),
(5, 27, 0),
(5, 28, 0),
(5, 29, 0),
(5, 30, 0),
(5, 31, 0),
(5, 32, 0),
(5, 33, 0),
(5, 34, 0),
(5, 35, 0),
(6, 1, 2),
(6, 2, 0),
(6, 3, 0),
(6, 4, 0),
(6, 5, 0),
(6, 6, 0),
(6, 7, 0),
(6, 8, 0),
(6, 9, 0),
(6, 10, 0),
(6, 11, 0),
(6, 12, 0),
(6, 13, 0),
(6, 14, 0),
(6, 15, 0),
(6, 16, 0),
(6, 17, 0),
(6, 18, 0),
(6, 19, 0),
(6, 20, 0),
(6, 21, 0),
(6, 22, 0),
(6, 23, 0),
(6, 24, 0),
(6, 25, 0),
(6, 26, 0),
(6, 27, 0),
(6, 28, 0),
(6, 29, 0),
(6, 30, 0),
(6, 31, 0),
(6, 32, 0),
(6, 33, 0),
(6, 34, 0),
(6, 35, 0),
(7, 1, 2),
(7, 2, 25),
(7, 3, 0),
(7, 4, 0),
(7, 5, 0),
(7, 6, 0),
(7, 7, 0),
(7, 8, 0),
(7, 9, 0),
(7, 10, 0),
(7, 11, 0),
(7, 12, 0),
(7, 13, 0),
(7, 14, 0),
(7, 15, 0),
(7, 16, 0),
(7, 17, 0),
(7, 18, 0),
(7, 19, 0),
(7, 20, 0),
(7, 21, 0),
(7, 22, 0),
(7, 23, 0),
(7, 24, 0),
(7, 25, 0),
(7, 26, 0),
(7, 27, 0),
(7, 28, 0),
(7, 29, 0),
(7, 30, 0),
(7, 31, 0),
(7, 32, 0),
(7, 33, 0),
(7, 34, 0),
(7, 35, 0),
(8, 1, 2),
(8, 2, 23),
(8, 3, 25),
(8, 4, 0),
(8, 5, 0),
(8, 6, 0),
(8, 7, 0),
(8, 8, 0),
(8, 9, 0),
(8, 10, 0),
(8, 11, 0),
(8, 12, 0),
(8, 13, 0),
(8, 14, 0),
(8, 15, 0),
(8, 16, 0),
(8, 17, 0),
(8, 18, 0),
(8, 19, 0),
(8, 20, 0),
(8, 21, 0),
(8, 22, 0),
(8, 23, 0),
(8, 24, 0),
(8, 25, 0),
(8, 26, 0),
(8, 27, 0),
(8, 28, 0),
(8, 29, 0),
(8, 30, 0),
(8, 31, 0),
(8, 32, 0),
(8, 33, 0),
(8, 34, 0),
(8, 35, 0),
(9, 1, 2),
(9, 2, 0),
(9, 3, 0),
(9, 4, 0),
(9, 5, 0),
(9, 6, 0),
(9, 7, 0),
(9, 8, 0),
(9, 9, 0),
(9, 10, 0),
(9, 11, 0),
(9, 12, 0),
(9, 13, 0),
(9, 14, 0),
(9, 15, 0),
(9, 16, 0),
(9, 17, 0),
(9, 18, 0),
(9, 19, 0),
(9, 20, 0),
(9, 21, 0),
(9, 22, 0),
(9, 23, 0),
(9, 24, 0),
(9, 25, 0),
(9, 26, 0),
(9, 27, 0),
(9, 28, 0),
(9, 29, 0),
(9, 30, 0),
(9, 31, 0),
(9, 32, 0),
(9, 33, 0),
(9, 34, 0),
(9, 35, 0),
(10, 1, 2),
(10, 2, 0),
(10, 3, 0),
(10, 4, 0),
(10, 5, 0),
(10, 6, 0),
(10, 7, 0),
(10, 8, 0),
(10, 9, 0),
(10, 10, 0),
(10, 11, 0),
(10, 12, 0),
(10, 13, 0),
(10, 14, 0),
(10, 15, 0),
(10, 16, 0),
(10, 17, 0),
(10, 18, 0),
(10, 19, 0),
(10, 20, 0),
(10, 21, 0),
(10, 22, 0),
(10, 23, 0),
(10, 24, 32),
(10, 25, 0),
(10, 26, 0),
(10, 27, 0),
(10, 28, 0),
(10, 29, 0),
(10, 30, 0),
(10, 31, 23),
(10, 32, 9),
(10, 33, 25),
(10, 34, 24),
(10, 35, 10),
(11, 1, 0),
(11, 2, 0),
(11, 3, 0),
(11, 4, 0),
(11, 5, 0),
(11, 6, 0),
(11, 7, 0),
(11, 8, 0),
(11, 9, 0),
(11, 10, 0),
(11, 11, 0),
(11, 12, 0),
(11, 13, 0),
(11, 14, 0),
(11, 15, 0),
(11, 16, 0),
(11, 17, 0),
(11, 18, 0),
(11, 19, 0),
(11, 20, 0),
(11, 21, 0),
(11, 22, 0),
(11, 23, 0),
(11, 24, 0),
(11, 25, 0),
(11, 26, 0),
(11, 27, 0),
(11, 28, 0),
(11, 29, 0),
(11, 30, 0),
(11, 31, 0),
(11, 32, 0),
(11, 33, 0),
(11, 34, 0),
(11, 35, 0),
(12, 1, 2),
(12, 2, 0),
(12, 3, 0),
(12, 4, 0),
(12, 5, 0),
(12, 6, 0),
(12, 7, 0),
(12, 8, 0),
(12, 9, 0),
(12, 10, 0),
(12, 11, 0),
(12, 12, 0),
(12, 13, 0),
(12, 14, 0),
(12, 15, 0),
(12, 16, 0),
(12, 17, 0),
(12, 18, 0),
(12, 19, 0),
(12, 20, 0),
(12, 21, 0),
(12, 22, 0),
(12, 23, 0),
(12, 24, 0),
(12, 25, 0),
(12, 26, 0),
(12, 27, 0),
(12, 28, 0),
(12, 29, 0),
(12, 30, 0),
(12, 31, 0),
(12, 32, 0),
(12, 33, 0),
(12, 34, 0),
(12, 35, 0),
(13, 1, 2),
(13, 2, 0),
(13, 3, 0),
(13, 4, 0),
(13, 5, 0),
(13, 6, 0),
(13, 7, 0),
(13, 8, 0),
(13, 9, 0),
(13, 10, 0),
(13, 11, 0),
(13, 12, 0),
(13, 13, 0),
(13, 14, 0),
(13, 15, 0),
(13, 16, 0),
(13, 17, 0),
(13, 18, 0),
(13, 19, 0),
(13, 20, 0),
(13, 21, 0),
(13, 22, 0),
(13, 23, 0),
(13, 24, 0),
(13, 25, 0),
(13, 26, 0),
(13, 27, 0),
(13, 28, 0),
(13, 29, 0),
(13, 30, 0),
(13, 31, 0),
(13, 32, 0),
(13, 33, 0),
(13, 34, 23),
(13, 35, 25),
(14, 1, 2),
(14, 2, 0),
(14, 3, 0),
(14, 4, 0),
(14, 5, 0),
(14, 6, 0),
(14, 7, 0),
(14, 8, 0),
(14, 9, 0),
(14, 10, 0),
(14, 11, 0),
(14, 12, 0),
(14, 13, 0),
(14, 14, 0),
(14, 15, 0),
(14, 16, 0),
(14, 17, 0),
(14, 18, 0),
(14, 19, 0),
(14, 20, 0),
(14, 21, 0),
(14, 22, 0),
(14, 23, 0),
(14, 24, 0),
(14, 25, 0),
(14, 26, 0),
(14, 27, 0),
(14, 28, 0),
(14, 29, 0),
(14, 30, 0),
(14, 31, 0),
(14, 32, 0),
(14, 33, 0),
(14, 34, 0),
(14, 35, 0),
(15, 1, 2),
(15, 2, 0),
(15, 3, 0),
(15, 4, 0),
(15, 5, 0),
(15, 6, 0),
(15, 7, 0),
(15, 8, 0),
(15, 9, 0),
(15, 10, 0),
(15, 11, 0),
(15, 12, 0),
(15, 13, 0),
(15, 14, 0),
(15, 15, 0),
(15, 16, 0),
(15, 17, 0),
(15, 18, 0),
(15, 19, 0),
(15, 20, 0),
(15, 21, 0),
(15, 22, 0),
(15, 23, 0),
(15, 24, 0),
(15, 25, 0),
(15, 26, 0),
(15, 27, 0),
(15, 28, 0),
(15, 29, 0),
(15, 30, 0),
(15, 31, 0),
(15, 32, 0),
(15, 33, 0),
(15, 34, 0),
(15, 35, 0),
(16, 1, 0),
(16, 2, 0),
(16, 3, 0),
(16, 4, 0),
(16, 5, 0),
(16, 6, 0),
(16, 7, 0),
(16, 8, 0),
(16, 9, 0),
(16, 10, 0),
(16, 11, 0),
(16, 12, 0),
(16, 13, 0),
(16, 14, 0),
(16, 15, 0),
(16, 16, 0),
(16, 17, 0),
(16, 18, 0),
(16, 19, 0),
(16, 20, 0),
(16, 21, 0),
(16, 22, 0),
(16, 23, 0),
(16, 24, 0),
(16, 25, 0),
(16, 26, 0),
(16, 27, 0),
(16, 28, 0),
(16, 29, 0),
(16, 30, 0),
(16, 31, 0),
(16, 32, 0),
(16, 33, 0),
(16, 34, 0),
(16, 35, 0);

-- --------------------------------------------------------

--
-- Estructura de tabla para la tabla `usuario`
--

CREATE TABLE `usuario` (
  `id` mediumint(8) UNSIGNED NOT NULL,
  `account_id` mediumint(8) UNSIGNED NOT NULL,
  `deleted` tinyint(1) NOT NULL DEFAULT 0,
  `name` varchar(30) NOT NULL,
  `level` smallint(5) UNSIGNED NOT NULL,
  `exp` int(10) UNSIGNED NOT NULL,
  `elu` int(10) UNSIGNED NOT NULL,
  `genre_id` tinyint(3) UNSIGNED NOT NULL,
  `race_id` tinyint(3) UNSIGNED NOT NULL,
  `class_id` tinyint(3) UNSIGNED NOT NULL,
  `home_id` tinyint(3) UNSIGNED NOT NULL,
  `description` varchar(255) DEFAULT NULL,
  `gold` int(10) UNSIGNED NOT NULL,
  `bank_gold` int(10) UNSIGNED NOT NULL DEFAULT 0,
  `elo` int(10) UNSIGNED NOT NULL,
  `pet_amount` tinyint(3) UNSIGNED NOT NULL DEFAULT 0,
  `votes_amount` smallint(5) UNSIGNED DEFAULT 0,
  `pos_map` smallint(5) UNSIGNED NOT NULL,
  `pos_x` tinyint(3) UNSIGNED NOT NULL,
  `pos_y` tinyint(3) UNSIGNED NOT NULL,
  `last_map` tinyint(3) UNSIGNED NOT NULL DEFAULT 1,
  `body_id` smallint(5) UNSIGNED NOT NULL,
  `head_id` smallint(5) UNSIGNED NOT NULL,
  `weapon_id` smallint(5) UNSIGNED NOT NULL,
  `helmet_id` smallint(5) UNSIGNED NOT NULL,
  `shield_id` smallint(5) UNSIGNED NOT NULL,
  `aura_id` int(24) DEFAULT 0,
  `aura_color` int(24) DEFAULT 0,
  `heading` tinyint(3) UNSIGNED NOT NULL DEFAULT 3,
  `items_amount` tinyint(3) UNSIGNED NOT NULL,
  `slot_armour` tinyint(3) UNSIGNED DEFAULT NULL,
  `slot_weapon` tinyint(3) UNSIGNED DEFAULT NULL,
  `slot_helmet` tinyint(3) UNSIGNED DEFAULT NULL,
  `slot_shield` tinyint(3) UNSIGNED DEFAULT NULL,
  `slot_ammo` tinyint(3) UNSIGNED DEFAULT NULL,
  `slot_ship` tinyint(3) UNSIGNED DEFAULT NULL,
  `slot_ring` tinyint(3) UNSIGNED DEFAULT NULL,
  `slot_bag` tinyint(3) UNSIGNED DEFAULT NULL,
  `min_hp` smallint(5) UNSIGNED NOT NULL,
  `max_hp` smallint(5) UNSIGNED NOT NULL,
  `min_man` smallint(5) UNSIGNED NOT NULL,
  `max_man` smallint(5) UNSIGNED NOT NULL,
  `min_sta` smallint(5) UNSIGNED NOT NULL,
  `max_sta` smallint(5) UNSIGNED NOT NULL,
  `min_ham` smallint(5) UNSIGNED NOT NULL,
  `max_ham` smallint(5) UNSIGNED NOT NULL,
  `min_sed` smallint(5) UNSIGNED NOT NULL,
  `max_sed` smallint(5) UNSIGNED NOT NULL,
  `min_hit` smallint(5) UNSIGNED NOT NULL,
  `max_hit` smallint(5) UNSIGNED NOT NULL,
  `killed_npcs` smallint(5) UNSIGNED NOT NULL DEFAULT 0,
  `killed_users` smallint(5) UNSIGNED NOT NULL DEFAULT 0,
  `rep_asesino` mediumint(8) UNSIGNED NOT NULL DEFAULT 0,
  `rep_bandido` mediumint(8) UNSIGNED NOT NULL DEFAULT 0,
  `rep_burgues` mediumint(8) UNSIGNED NOT NULL DEFAULT 0,
  `rep_ladron` mediumint(8) UNSIGNED NOT NULL DEFAULT 0,
  `rep_noble` mediumint(8) UNSIGNED NOT NULL,
  `rep_plebe` mediumint(8) UNSIGNED NOT NULL,
  `rep_average` mediumint(9) NOT NULL,
  `is_naked` tinyint(1) NOT NULL DEFAULT 0,
  `is_poisoned` tinyint(1) NOT NULL DEFAULT 0,
  `is_hidden` tinyint(1) NOT NULL DEFAULT 0,
  `is_hungry` tinyint(1) NOT NULL DEFAULT 0,
  `is_thirsty` tinyint(1) NOT NULL DEFAULT 0,
  `is_ban` tinyint(1) NOT NULL DEFAULT 0,
  `is_dead` tinyint(1) NOT NULL DEFAULT 0,
  `is_sailing` tinyint(1) NOT NULL DEFAULT 0,
  `is_paralyzed` tinyint(1) NOT NULL DEFAULT 0,
  `is_logged` tinyint(1) NOT NULL DEFAULT 0,
  `counter_pena` smallint(5) UNSIGNED NOT NULL DEFAULT 0,
  `counter_connected` int(10) UNSIGNED NOT NULL DEFAULT 0,
  `counter_training` int(10) UNSIGNED NOT NULL DEFAULT 0,
  `pertenece_consejo_real` tinyint(1) NOT NULL DEFAULT 0,
  `pertenece_consejo_caos` tinyint(1) NOT NULL DEFAULT 0,
  `pertenece_real` tinyint(1) NOT NULL DEFAULT 0,
  `pertenece_caos` tinyint(1) NOT NULL DEFAULT 0,
  `ciudadanos_matados` smallint(5) UNSIGNED NOT NULL DEFAULT 0,
  `criminales_matados` smallint(5) UNSIGNED NOT NULL DEFAULT 0,
  `recibio_armadura_real` tinyint(1) NOT NULL DEFAULT 0,
  `recibio_armadura_caos` tinyint(1) NOT NULL DEFAULT 0,
  `recibio_exp_real` tinyint(1) NOT NULL DEFAULT 0,
  `recibio_exp_caos` tinyint(1) NOT NULL DEFAULT 0,
  `recompensas_real` tinyint(3) UNSIGNED DEFAULT 0,
  `recompensas_caos` tinyint(3) UNSIGNED DEFAULT 0,
  `reenlistadas` smallint(5) UNSIGNED NOT NULL DEFAULT 0,
  `fecha_ingreso` timestamp NOT NULL DEFAULT current_timestamp() ON UPDATE current_timestamp(),
  `nivel_ingreso` smallint(5) UNSIGNED DEFAULT NULL,
  `matados_ingreso` smallint(5) UNSIGNED DEFAULT NULL,
  `siguiente_recompensa` smallint(5) UNSIGNED DEFAULT NULL,
  `guild_index` smallint(5) UNSIGNED DEFAULT 0,
  `guild_aspirant_index` smallint(5) UNSIGNED DEFAULT NULL,
  `guild_member_history` varchar(1024) DEFAULT NULL,
  `guild_requests_history` varchar(1024) DEFAULT NULL,
  `guild_rejected_because` varchar(255) DEFAULT NULL,
  `is_global` tinyint(1) DEFAULT 1
) ENGINE=InnoDB DEFAULT CHARSET=utf8mb4;

--
-- Volcado de datos para la tabla `usuario`
--

INSERT INTO `usuario` (`id`, `account_id`, `deleted`, `name`, `level`, `exp`, `elu`, `genre_id`, `race_id`, `class_id`, `home_id`, `description`, `gold`, `bank_gold`, `elo`, `pet_amount`, `votes_amount`, `pos_map`, `pos_x`, `pos_y`, `last_map`, `body_id`, `head_id`, `weapon_id`, `helmet_id`, `shield_id`, `aura_id`, `aura_color`, `heading`, `items_amount`, `slot_armour`, `slot_weapon`, `slot_helmet`, `slot_shield`, `slot_ammo`, `slot_ship`, `slot_ring`, `slot_bag`, `min_hp`, `max_hp`, `min_man`, `max_man`, `min_sta`, `max_sta`, `min_ham`, `max_ham`, `min_sed`, `max_sed`, `min_hit`, `max_hit`, `killed_npcs`, `killed_users`, `rep_asesino`, `rep_bandido`, `rep_burgues`, `rep_ladron`, `rep_noble`, `rep_plebe`, `rep_average`, `is_naked`, `is_poisoned`, `is_hidden`, `is_hungry`, `is_thirsty`, `is_ban`, `is_dead`, `is_sailing`, `is_paralyzed`, `is_logged`, `counter_pena`, `counter_connected`, `counter_training`, `pertenece_consejo_real`, `pertenece_consejo_caos`, `pertenece_real`, `pertenece_caos`, `ciudadanos_matados`, `criminales_matados`, `recibio_armadura_real`, `recibio_armadura_caos`, `recibio_exp_real`, `recibio_exp_caos`, `recompensas_real`, `recompensas_caos`, `reenlistadas`, `fecha_ingreso`, `nivel_ingreso`, `matados_ingreso`, `siguiente_recompensa`, `guild_index`, `guild_aspirant_index`, `guild_member_history`, `guild_requests_history`, `guild_rejected_because`, `is_global`) VALUES
(1, 2, 0, 'Lorwik', 50, 474041, 4401210, 1, 1, 9, 1, '', 5000, 0, 0, 0, 0, 13, 79, 88, 0, 635, 4, 101, 139, 2, 3123, 10687653, 4, 13, 1, 7, 13, 0, 0, 0, 0, 0, 469, 469, 922, 932, 448, 775, 0, 100, 0, 100, 114, 114, 18, 0, 0, 0, 0, 0, 10000, 30, 1672, 0, 0, 0, 1, 1, 0, 0, 0, 0, 0, 0, 0, 9585, 0, 0, 0, 0, 0, 0, 0, 0, 0, 0, 0, 0, 0, '2020-06-20 19:19:06', 0, 0, 0, 0, NULL, NULL, NULL, '', 1),
(2, 10, 0, 'Zharkel', 50, 0, 0, 1, 7, 4, 1, '', 8, 0, 0, 0, 0, 13, 56, 46, 0, 79, 629, 101, 42, 2, 0, 0, 2, 21, 9, 7, 21, 0, 0, 0, 0, 0, 364, 364, 1666, 1666, 999, 999, 100, 100, 100, 100, 50, 51, 15, 0, 0, 0, 0, 0, 8500, 30, 1422, 0, 0, 0, 0, 0, 0, 0, 0, 0, 0, 0, 0, 108672, 0, 0, 0, 0, 0, 0, 0, 0, 0, 0, 0, 0, 0, '2020-06-19 19:31:44', 0, 0, 0, 0, 0, NULL, NULL, '', 1),
(3, 2, 0, 'Erwin', 50, 475849, 4401210, 1, 1, 9, 1, '', 49000, 0, 0, 0, 0, 66, 71, 46, 13, 45, 1, 101, 2, 26, 0, 0, 3, 5, 2, 3, 0, 1, 0, 0, 0, 0, 465, 465, 932, 932, 795, 795, 80, 100, 80, 100, 114, 114, 3, 0, 0, 0, 0, 0, 2500, 30, 422, 0, 0, 0, 0, 0, 0, 0, 0, 0, 0, 571, 0, 1601, 0, 0, 0, 0, 0, 0, 0, 0, 0, 0, 0, 0, 0, '2020-06-18 19:53:39', 0, 0, 0, 0, NULL, NULL, NULL, '', 1),
(4, 10, 0, 'Skere', 50, 976673, 4401210, 1, 1, 1, 1, '', 1000, 0, 0, 0, 0, 102, 79, 48, 13, 589, 2, 6, 2, 2, 0, 0, 2, 4, 1, 6, 0, 0, 0, 0, 0, 0, 360, 360, 2504, 2504, 726, 726, 10, 100, 10, 100, 50, 51, 6, 0, 0, 0, 0, 0, 4000, 30, 672, 0, 0, 0, 0, 0, 0, 0, 0, 0, 0, 0, 0, 1241, 0, 0, 0, 0, 0, 0, 0, 0, 0, 0, 0, 0, 0, '2020-06-19 19:39:01', 0, 0, 0, 0, NULL, NULL, NULL, '', 1),
(5, 10, 0, 'Skura', 4, 12, 300, 1, 1, 3, 1, '', 0, 0, 0, 0, 0, 115, 51, 50, 13, 8, 1, 2, 2, 2, 0, 0, 1, 6, 0, 0, 0, 0, 0, 0, 0, 0, 0, 44, 0, 0, 0, 105, 100, 100, 100, 100, 10, 11, 8, 0, 0, 0, 0, 0, 5000, 30, 838, 1, 0, 0, 0, 0, 0, 1, 0, 0, 0, 0, 0, 8, 0, 0, 0, 0, 0, 0, 0, 0, 0, 0, 0, 0, 0, '2020-06-09 17:07:37', 0, 0, 0, 0, NULL, NULL, NULL, '', 1),
(6, 2, 0, 'Draculin', 6, 150, 450, 1, 7, 2, 1, '', 0, 0, 0, 0, 0, 102, 80, 71, 13, 633, 633, 2, 2, 2, 0, 0, 1, 7, 0, 0, 0, 0, 0, 0, 0, 0, 55, 55, 180, 240, 0, 115, 60, 100, 50, 100, 11, 12, 0, 0, 0, 0, 0, 0, 1000, 30, 172, 1, 0, 0, 0, 0, 0, 0, 0, 0, 0, 0, 0, 411, 0, 0, 0, 0, 0, 0, 0, 0, 0, 0, 0, 0, 0, '2020-06-20 13:30:01', 0, 0, 0, 0, NULL, NULL, NULL, '', 1),
(7, 4, 0, 'Estalagmita', 50, 3492625, 4401210, 1, 1, 6, 1, '', 0, 0, 0, 0, 0, 102, 75, 70, 13, 35, 1, 6, 2, 2, 0, 0, 1, 15, 3, 11, 0, 0, 0, 0, 4, 0, 368, 368, 504, 2504, 746, 746, 100, 100, 100, 100, 50, 51, 4, 0, 0, 0, 0, 0, 3000, 30, 505, 0, 0, 0, 0, 0, 0, 0, 0, 0, 0, 0, 0, 541, 0, 0, 0, 0, 0, 0, 0, 0, 0, 0, 0, 0, 0, '2020-06-10 21:41:23', 0, 0, 0, 0, NULL, NULL, NULL, '', 1),
(8, 8, 1, 'SANTO_deleted', 50, 0, 0, 1, 2, 9, 1, '', 0, 0, 0, 0, 0, 119, 62, 61, 13, 35, 122, 15, 2, 2, 0, 0, 3, 9, 5, 9, 0, 0, 0, 0, 0, 0, 285, 433, 1079, 1079, 795, 795, 100, 100, 100, 100, 114, 114, 1, 0, 0, 0, 0, 0, 1500, 30, 255, 0, 0, 0, 0, 0, 0, 0, 1, 0, 0, 0, 0, 6471, 0, 0, 0, 0, 0, 0, 0, 0, 0, 0, 0, 0, 0, '2020-06-10 19:56:10', 0, 0, 0, 0, NULL, NULL, NULL, '', 1),
(9, 7, 0, 'HollyLight', 50, 2043378, 4401210, 1, 7, 2, 1, '', 0, 0, 0, 0, 0, 102, 79, 60, 93, 637, 627, 101, 18, 5, 0, 0, 3, 6, 5, 24, 25, 15, 0, 0, 20, 0, 384, 384, 1802, 1912, 747, 775, 0, 100, 0, 100, 99, 100, 0, 0, 0, 0, 0, 0, 1000, 30, 172, 0, 0, 0, 1, 1, 0, 0, 0, 0, 1, 0, 0, 1575, 0, 0, 0, 0, 0, 0, 0, 0, 0, 0, 0, 0, 0, '2020-06-08 22:00:00', 0, 0, 0, 0, NULL, NULL, NULL, '', 1),
(10, 8, 0, 'Mago Gnomo', 50, 2976304, 4401210, 1, 4, 1, 1, '', 0, 0, 0, 0, 0, 102, 79, 76, 103, 95, 404, 58, 2, 2, 0, 0, 4, 11, 1, 3, 0, 0, 0, 0, 0, 0, 315, 315, 3104, 3104, 726, 726, 100, 100, 90, 100, 50, 51, 0, 0, 0, 0, 0, 0, 1000, 30, 172, 0, 0, 0, 0, 0, 0, 0, 0, 1, 1, 0, 0, 2770, 0, 0, 0, 0, 0, 0, 0, 0, 0, 0, 0, 0, 0, '2020-06-10 22:00:00', 0, 0, 0, 0, NULL, NULL, NULL, '', 1),
(11, 12, 0, 'Howell', 47, 175900, 1200550, 1, 7, 11, 1, '', 0, 0, 0, 0, 0, 102, 82, 71, 13, 633, 625, 2, 2, 2, 0, 0, 2, 0, 0, 0, 0, 0, 0, 0, 0, 0, 216, 350, 0, 1564, 0, 999, 100, 100, 100, 100, 47, 48, 0, 0, 0, 0, 0, 0, 1000, 30, 172, 1, 0, 0, 0, 0, 0, 0, 0, 0, 1, 0, 0, 96, 0, 0, 0, 0, 0, 0, 0, 0, 0, 0, 0, 0, 0, '2020-06-08 22:00:00', 0, 0, 0, 0, NULL, NULL, NULL, '', 1),
(12, 11, 0, 'Jopi', 50, 174352, 4401210, 1, 2, 2, 1, '', 0, 0, 0, 0, 0, 102, 56, 21, 13, 94, 101, 15, 2, 26, 0, 0, 1, 4, 1, 2, 0, 4, 0, 0, 0, 0, 389, 389, 2108, 2108, 795, 795, 100, 100, 100, 100, 99, 100, 0, 0, 0, 0, 0, 0, 1000, 30, 172, 0, 0, 0, 0, 0, 0, 0, 0, 0, 0, 0, 0, 299, 0, 0, 0, 0, 0, 0, 0, 0, 0, 0, 0, 0, 0, '2020-06-11 20:23:02', 0, 0, 0, 0, NULL, NULL, NULL, '', 1),
(13, 8, 0, 'bardo gnomo', 50, 2473450, 4401210, 2, 4, 7, 1, '', 0, 0, 0, 0, 0, 102, 75, 75, 13, 52, 470, 2, 2, 2, 0, 0, 4, 3, 1, 0, 0, 0, 0, 0, 2, 0, 367, 367, 2206, 2206, 775, 775, 70, 100, 70, 100, 99, 100, 0, 0, 0, 0, 0, 0, 1000, 30, 172, 0, 0, 0, 0, 0, 0, 0, 0, 0, 0, 0, 0, 457, 0, 0, 0, 0, 0, 0, 0, 0, 0, 0, 0, 0, 0, '2020-06-10 22:32:32', 0, 0, 0, 0, NULL, NULL, NULL, '', 1),
(14, 8, 0, 'Clerigo H', 45, 396200, 765550, 1, 1, 2, 1, '', 0, 0, 0, 0, 0, 102, 74, 75, 13, 21, 4, 24, 2, 2, 0, 0, 4, 3, 0, 8, 0, 0, 0, 0, 0, 0, 367, 367, 50, 1634, 60, 720, 100, 100, 100, 100, 89, 90, 0, 0, 0, 0, 0, 0, 1000, 30, 172, 1, 0, 0, 0, 0, 0, 0, 0, 0, 1, 0, 0, 0, 0, 0, 0, 0, 0, 0, 0, 0, 0, 0, 0, 0, 0, '2020-06-09 22:00:00', 0, 0, 0, 0, NULL, NULL, NULL, '', 1),
(15, 8, 0, 'sANTO', 37, 52599, 130550, 1, 2, 2, 1, '', 0, 0, 0, 0, 0, 102, 41, 31, 103, 399, 122, 2, 2, 2, 0, 0, 1, 25, 12, 0, 21, 0, 0, 24, 0, 0, 293, 293, 1562, 1562, 580, 580, 100, 100, 100, 100, 73, 74, 0, 0, 0, 0, 0, 0, 1000, 30, 172, 0, 0, 0, 0, 0, 0, 0, 1, 0, 0, 0, 0, 108096, 0, 0, 0, 0, 0, 0, 0, 0, 0, 0, 0, 0, 0, '2020-06-12 23:49:34', 0, 0, 0, 0, NULL, NULL, NULL, '', 1),
(16, 2, 0, 'Pepin', 1, 126, 150, 1, 7, 11, 1, '', 0, 0, 0, 0, 0, 13, 59, 34, 0, 633, 629, 9, 2, 2, 0, 0, 1, 6, 3, 4, 0, 0, 0, 0, 0, 0, 21, 21, 0, 0, 40, 40, 100, 100, 100, 100, 1, 2, 0, 0, 0, 0, 0, 0, 1000, 30, 172, 0, 0, 0, 0, 0, 0, 0, 0, 0, 0, 0, 0, 34, 0, 0, 0, 0, 0, 0, 0, 0, 0, 0, 0, 0, 0, '2020-06-14 16:47:23', 0, 0, 0, 0, NULL, NULL, NULL, '', 1);

--
-- Índices para tablas volcadas
--

--
-- Indices de la tabla `account`
--
ALTER TABLE `account`
  ADD PRIMARY KEY (`id`);

--
-- Indices de la tabla `attribute`
--
ALTER TABLE `attribute`
  ADD PRIMARY KEY (`user_id`,`number`);

--
-- Indices de la tabla `bank_item`
--
ALTER TABLE `bank_item`
  ADD PRIMARY KEY (`user_id`,`number`);

--
-- Indices de la tabla `inventory_item`
--
ALTER TABLE `inventory_item`
  ADD PRIMARY KEY (`user_id`,`number`);

--
-- Indices de la tabla `pet`
--
ALTER TABLE `pet`
  ADD PRIMARY KEY (`user_id`,`number`);

--
-- Indices de la tabla `punishment`
--
ALTER TABLE `punishment`
  ADD PRIMARY KEY (`user_id`,`number`);

--
-- Indices de la tabla `skillpoint`
--
ALTER TABLE `skillpoint`
  ADD PRIMARY KEY (`user_id`,`number`);

--
-- Indices de la tabla `spell`
--
ALTER TABLE `spell`
  ADD PRIMARY KEY (`user_id`,`number`);

--
-- Indices de la tabla `usuario`
--
ALTER TABLE `usuario`
  ADD PRIMARY KEY (`id`),
  ADD KEY `fk_user_account` (`account_id`),
  ADD KEY `name` (`name`);

--
-- AUTO_INCREMENT de las tablas volcadas
--

--
-- AUTO_INCREMENT de la tabla `account`
--
ALTER TABLE `account`
  MODIFY `id` mediumint(8) UNSIGNED NOT NULL AUTO_INCREMENT, AUTO_INCREMENT=14;

--
-- AUTO_INCREMENT de la tabla `usuario`
--
ALTER TABLE `usuario`
  MODIFY `id` mediumint(8) UNSIGNED NOT NULL AUTO_INCREMENT, AUTO_INCREMENT=17;

--
-- Restricciones para tablas volcadas
--

--
-- Filtros para la tabla `attribute`
--
ALTER TABLE `attribute`
  ADD CONSTRAINT `fk_attribute_user` FOREIGN KEY (`user_id`) REFERENCES `usuario` (`id`);

--
-- Filtros para la tabla `bank_item`
--
ALTER TABLE `bank_item`
  ADD CONSTRAINT `fk_bank_user` FOREIGN KEY (`user_id`) REFERENCES `usuario` (`id`);

--
-- Filtros para la tabla `inventory_item`
--
ALTER TABLE `inventory_item`
  ADD CONSTRAINT `fk_inventory_user` FOREIGN KEY (`user_id`) REFERENCES `usuario` (`id`);

--
-- Filtros para la tabla `pet`
--
ALTER TABLE `pet`
  ADD CONSTRAINT `fk_pet_user` FOREIGN KEY (`user_id`) REFERENCES `usuario` (`id`);

--
-- Filtros para la tabla `punishment`
--
ALTER TABLE `punishment`
  ADD CONSTRAINT `fk_punishment_user` FOREIGN KEY (`user_id`) REFERENCES `usuario` (`id`);

--
-- Filtros para la tabla `skillpoint`
--
ALTER TABLE `skillpoint`
  ADD CONSTRAINT `fk_skillpoint_user` FOREIGN KEY (`user_id`) REFERENCES `usuario` (`id`);

--
-- Filtros para la tabla `spell`
--
ALTER TABLE `spell`
  ADD CONSTRAINT `fk_spell_user` FOREIGN KEY (`user_id`) REFERENCES `usuario` (`id`);

--
-- Filtros para la tabla `usuario`
--
ALTER TABLE `usuario`
  ADD CONSTRAINT `fk_user_account` FOREIGN KEY (`account_id`) REFERENCES `account` (`id`);
COMMIT;

/*!40101 SET CHARACTER_SET_CLIENT=@OLD_CHARACTER_SET_CLIENT */;
/*!40101 SET CHARACTER_SET_RESULTS=@OLD_CHARACTER_SET_RESULTS */;
/*!40101 SET COLLATION_CONNECTION=@OLD_COLLATION_CONNECTION */;
